<?xml version="1.0" encoding="UTF-8"?>
<qes:espresso xsi:schemaLocation="http://www.quantum-espresso.org/ns/qes/qes-1.0 http://www.quantum-espresso.org/ns/qes/qes_220603.xsd" Units="Hartree atomic units" xmlns:xsi="http://www.w3.org/2001/XMLSchema-instance" xmlns:qes="http://www.quantum-espresso.org/ns/qes/qes-1.0">
  <!--All quantities are in Hartree atomic units unless otherwise specified-->
  <general_info>
    <xml_format NAME="QEXSD" VERSION="21.11.01">QEXSD_21.11.01</xml_format>
    <creator NAME="PWSCF" VERSION="7.1">XML file generated by PWSCF</creator>
    <created DATE="24Feb2023" TIME="16:38:38">This run was terminated on:  16:38:38  24 Feb 2023</created>
    <job></job>
  </general_info>
  <parallel_info>
    <nprocs>7</nprocs>
    <nthreads>1</nthreads>
    <ntasks>1</ntasks>
    <nbgrp>1</nbgrp>
    <npool>1</npool>
    <ndiag>7</ndiag>
  </parallel_info>
  <input>
    <control_variables>
      <title></title>
      <calculation>scf</calculation>
      <restart_mode>from_scratch</restart_mode>
      <prefix>Al</prefix>
      <pseudo_dir>./</pseudo_dir>
      <outdir>./</outdir>
      <stress>true</stress>
      <forces>true</forces>
      <wf_collect>true</wf_collect>
      <disk_io>low</disk_io>
      <max_seconds>10000000</max_seconds>
      <nstep>1</nstep>
      <etot_conv_thr>5.000000000000000e-5</etot_conv_thr>
      <forc_conv_thr>5.000000000000000e-4</forc_conv_thr>
      <press_conv_thr>5.000000000000000e-1</press_conv_thr>
      <verbosity>low</verbosity>
      <print_every>100000</print_every>
      <fcp>false</fcp>
      <rism>false</rism>
    </control_variables>
    <atomic_species ntyp="1">
      <species name="Al">
        <mass>2.698100000000000e1</mass>
        <pseudo_file>Al.pbe-n-kjpaw_psl.1.0.0.UPF</pseudo_file>
      </species>
    </atomic_species>
    <atomic_structure nat="1" alat="7.725916603800e0" bravais_index="2">
      <atomic_positions>
        <atom name="Al" index="1">0.000000000000000e0 0.000000000000000e0 0.000000000000000e0</atom>
      </atomic_positions>
      <cell>
        <a1>-3.862958301900000e0 0.000000000000000e0 3.862958301900000e0</a1>
        <a2>0.000000000000000e0 3.862958301900000e0 3.862958301900000e0</a2>
        <a3>-3.862958301900000e0 3.862958301900000e0 0.000000000000000e0</a3>
      </cell>
    </atomic_structure>
    <dft>
      <functional>PBE</functional>
    </dft>
    <spin>
      <lsda>false</lsda>
      <noncolin>false</noncolin>
      <spinorbit>false</spinorbit>
    </spin>
    <bands>
      <smearing degauss="2.500000000000e-2">mp</smearing>
      <tot_charge>0.000000000000000e0</tot_charge>
      <occupations>smearing</occupations>
    </bands>
    <basis>
      <gamma_only>false</gamma_only>
      <ecutwfc>1.500000000000000e1</ecutwfc>
      <ecutrho>6.000000000000000e1</ecutrho>
    </basis>
    <electron_control>
      <diagonalization>davidson</diagonalization>
      <mixing_mode>plain</mixing_mode>
      <mixing_beta>7.000000000000000e-1</mixing_beta>
      <conv_thr>5.000000000000000e-7</conv_thr>
      <mixing_ndim>8</mixing_ndim>
      <max_nstep>100</max_nstep>
      <real_space_q>false</real_space_q>
      <real_space_beta>false</real_space_beta>
      <tq_smoothing>false</tq_smoothing>
      <tbeta_smoothing>false</tbeta_smoothing>
      <diago_thr_init>0.000000000000000e0</diago_thr_init>
      <diago_full_acc>false</diago_full_acc>
      <diago_cg_maxiter>20</diago_cg_maxiter>
      <diago_ppcg_maxiter>20</diago_ppcg_maxiter>
      <diago_rmm_ndim>4</diago_rmm_ndim>
      <diago_gs_nblock>16</diago_gs_nblock>
      <diago_rmm_conv>false</diago_rmm_conv>
    </electron_control>
    <k_points_IBZ>
      <monkhorst_pack nk1="6" nk2="6" nk3="6" k1="0" k2="0" k3="0">Monkhorst-Pack</monkhorst_pack>
    </k_points_IBZ>
    <ion_control>
      <ion_dynamics>none</ion_dynamics>
      <upscale>1.000000000000000e2</upscale>
      <remove_rigid_rot>false</remove_rigid_rot>
      <refold_pos>false</refold_pos>
    </ion_control>
    <cell_control>
      <cell_dynamics>none</cell_dynamics>
      <pressure>0.000000000000000e0</pressure>
      <wmass>2.698100000000000e1</wmass>
      <cell_do_free>all</cell_do_free>
    </cell_control>
    <symmetry_flags>
      <nosym>false</nosym>
      <nosym_evc>false</nosym_evc>
      <noinv>false</noinv>
      <no_t_rev>false</no_t_rev>
      <force_symmorphic>false</force_symmorphic>
      <use_all_frac>false</use_all_frac>
    </symmetry_flags>
  </input>
  <output>
    <convergence_info>
      <scf_conv>
        <convergence_achieved>true</convergence_achieved>
        <n_scf_steps>3</n_scf_steps>
        <scf_error>2.182596813136331e-7</scf_error>
      </scf_conv>
    </convergence_info>
    <algorithmic_info>
      <real_space_q>false</real_space_q>
      <real_space_beta>false</real_space_beta>
      <uspp>true</uspp>
      <paw>true</paw>
    </algorithmic_info>
    <atomic_species ntyp="1" pseudo_dir="./">
      <species name="Al">
        <mass>2.698100000000000e1</mass>
        <pseudo_file>Al.pbe-n-kjpaw_psl.1.0.0.UPF</pseudo_file>
      </species>
    </atomic_species>
    <atomic_structure nat="1" alat="7.725916603800e0" bravais_index="2">
      <atomic_positions>
        <atom name="Al" index="1">0.000000000000000e0 0.000000000000000e0 0.000000000000000e0</atom>
      </atomic_positions>
      <cell>
        <a1>-3.862958301900000e0 0.000000000000000e0 3.862958301900000e0</a1>
        <a2>0.000000000000000e0 3.862958301900000e0 3.862958301900000e0</a2>
        <a3>-3.862958301900000e0 3.862958301900000e0 0.000000000000000e0</a3>
      </cell>
    </atomic_structure>
    <symmetries>
      <nsym>48</nsym>
      <nrot>48</nrot>
      <space_group>0</space_group>
      <symmetry>
        <info name="identity">crystal_symmetry</info>
        <rotation rank="2" dims="3 3">
          1.000000000000000e0 0.000000000000000e0 0.000000000000000e0
          0.000000000000000e0 1.000000000000000e0 0.000000000000000e0
          0.000000000000000e0 0.000000000000000e0 1.000000000000000e0
          </rotation>
        <fractional_translation>0.000000000000000e0 0.000000000000000e0 0.000000000000000e0</fractional_translation>
        <equivalent_atoms size="1" nat="1">
          1
          </equivalent_atoms>
      </symmetry>
      <symmetry>
        <info name="180 deg rotation - cart. axis [0,0,1]">crystal_symmetry</info>
        <rotation rank="2" dims="3 3">
          0.000000000000000e0 1.000000000000000e0 0.000000000000000e0
          1.000000000000000e0 0.000000000000000e0 0.000000000000000e0
          -1.000000000000000e0 -1.000000000000000e0 -1.000000000000000e0
          </rotation>
        <fractional_translation>0.000000000000000e0 0.000000000000000e0 0.000000000000000e0</fractional_translation>
        <equivalent_atoms size="1" nat="1">
          1
          </equivalent_atoms>
      </symmetry>
      <symmetry>
        <info name="180 deg rotation - cart. axis [0,1,0]">crystal_symmetry</info>
        <rotation rank="2" dims="3 3">
          -1.000000000000000e0 -1.000000000000000e0 -1.000000000000000e0
          0.000000000000000e0 0.000000000000000e0 1.000000000000000e0
          0.000000000000000e0 1.000000000000000e0 0.000000000000000e0
          </rotation>
        <fractional_translation>0.000000000000000e0 0.000000000000000e0 0.000000000000000e0</fractional_translation>
        <equivalent_atoms size="1" nat="1">
          1
          </equivalent_atoms>
      </symmetry>
      <symmetry>
        <info name="180 deg rotation - cart. axis [1,0,0]">crystal_symmetry</info>
        <rotation rank="2" dims="3 3">
          0.000000000000000e0 0.000000000000000e0 1.000000000000000e0
          -1.000000000000000e0 -1.000000000000000e0 -1.000000000000000e0
          1.000000000000000e0 0.000000000000000e0 0.000000000000000e0
          </rotation>
        <fractional_translation>0.000000000000000e0 0.000000000000000e0 0.000000000000000e0</fractional_translation>
        <equivalent_atoms size="1" nat="1">
          1
          </equivalent_atoms>
      </symmetry>
      <symmetry>
        <info name="180 deg rotation - cart. axis [1,1,0]">crystal_symmetry</info>
        <rotation rank="2" dims="3 3">
          0.000000000000000e0 -1.000000000000000e0 0.000000000000000e0
          -1.000000000000000e0 0.000000000000000e0 0.000000000000000e0
          0.000000000000000e0 0.000000000000000e0 -1.000000000000000e0
          </rotation>
        <fractional_translation>0.000000000000000e0 0.000000000000000e0 0.000000000000000e0</fractional_translation>
        <equivalent_atoms size="1" nat="1">
          1
          </equivalent_atoms>
      </symmetry>
      <symmetry>
        <info name="180 deg rotation - cart. axis [1,-1,0]">crystal_symmetry</info>
        <rotation rank="2" dims="3 3">
          -1.000000000000000e0 0.000000000000000e0 0.000000000000000e0
          0.000000000000000e0 -1.000000000000000e0 0.000000000000000e0
          1.000000000000000e0 1.000000000000000e0 1.000000000000000e0
          </rotation>
        <fractional_translation>0.000000000000000e0 0.000000000000000e0 0.000000000000000e0</fractional_translation>
        <equivalent_atoms size="1" nat="1">
          1
          </equivalent_atoms>
      </symmetry>
      <symmetry>
        <info name=" 90 deg rotation - cart. axis [0,0,-1]">crystal_symmetry</info>
        <rotation rank="2" dims="3 3">
          0.000000000000000e0 0.000000000000000e0 -1.000000000000000e0
          1.000000000000000e0 1.000000000000000e0 1.000000000000000e0
          0.000000000000000e0 -1.000000000000000e0 0.000000000000000e0
          </rotation>
        <fractional_translation>0.000000000000000e0 0.000000000000000e0 0.000000000000000e0</fractional_translation>
        <equivalent_atoms size="1" nat="1">
          1
          </equivalent_atoms>
      </symmetry>
      <symmetry>
        <info name=" 90 deg rotation - cart. axis [0,0,1]">crystal_symmetry</info>
        <rotation rank="2" dims="3 3">
          1.000000000000000e0 1.000000000000000e0 1.000000000000000e0
          0.000000000000000e0 0.000000000000000e0 -1.000000000000000e0
          -1.000000000000000e0 0.000000000000000e0 0.000000000000000e0
          </rotation>
        <fractional_translation>0.000000000000000e0 0.000000000000000e0 0.000000000000000e0</fractional_translation>
        <equivalent_atoms size="1" nat="1">
          1
          </equivalent_atoms>
      </symmetry>
      <symmetry>
        <info name="180 deg rotation - cart. axis [1,0,1]">crystal_symmetry</info>
        <rotation rank="2" dims="3 3">
          -1.000000000000000e0 0.000000000000000e0 0.000000000000000e0
          0.000000000000000e0 0.000000000000000e0 -1.000000000000000e0
          0.000000000000000e0 -1.000000000000000e0 0.000000000000000e0
          </rotation>
        <fractional_translation>0.000000000000000e0 0.000000000000000e0 0.000000000000000e0</fractional_translation>
        <equivalent_atoms size="1" nat="1">
          1
          </equivalent_atoms>
      </symmetry>
      <symmetry>
        <info name="180 deg rotation - cart. axis [-1,0,1]">crystal_symmetry</info>
        <rotation rank="2" dims="3 3">
          1.000000000000000e0 1.000000000000000e0 1.000000000000000e0
          0.000000000000000e0 -1.000000000000000e0 0.000000000000000e0
          0.000000000000000e0 0.000000000000000e0 -1.000000000000000e0
          </rotation>
        <fractional_translation>0.000000000000000e0 0.000000000000000e0 0.000000000000000e0</fractional_translation>
        <equivalent_atoms size="1" nat="1">
          1
          </equivalent_atoms>
      </symmetry>
      <symmetry>
        <info name=" 90 deg rotation - cart. axis [0,1,0]">crystal_symmetry</info>
        <rotation rank="2" dims="3 3">
          0.000000000000000e0 -1.000000000000000e0 0.000000000000000e0
          1.000000000000000e0 1.000000000000000e0 1.000000000000000e0
          -1.000000000000000e0 0.000000000000000e0 0.000000000000000e0
          </rotation>
        <fractional_translation>0.000000000000000e0 0.000000000000000e0 0.000000000000000e0</fractional_translation>
        <equivalent_atoms size="1" nat="1">
          1
          </equivalent_atoms>
      </symmetry>
      <symmetry>
        <info name=" 90 deg rotation - cart. axis [0,-1,0]">crystal_symmetry</info>
        <rotation rank="2" dims="3 3">
          0.000000000000000e0 0.000000000000000e0 -1.000000000000000e0
          -1.000000000000000e0 0.000000000000000e0 0.000000000000000e0
          1.000000000000000e0 1.000000000000000e0 1.000000000000000e0
          </rotation>
        <fractional_translation>0.000000000000000e0 0.000000000000000e0 0.000000000000000e0</fractional_translation>
        <equivalent_atoms size="1" nat="1">
          1
          </equivalent_atoms>
      </symmetry>
      <symmetry>
        <info name="180 deg rotation - cart. axis [0,1,1]">crystal_symmetry</info>
        <rotation rank="2" dims="3 3">
          -1.000000000000000e0 0.000000000000000e0 0.000000000000000e0
          1.000000000000000e0 1.000000000000000e0 1.000000000000000e0
          0.000000000000000e0 0.000000000000000e0 -1.000000000000000e0
          </rotation>
        <fractional_translation>0.000000000000000e0 0.000000000000000e0 0.000000000000000e0</fractional_translation>
        <equivalent_atoms size="1" nat="1">
          1
          </equivalent_atoms>
      </symmetry>
      <symmetry>
        <info name="180 deg rotation - cart. axis [0,1,-1]">crystal_symmetry</info>
        <rotation rank="2" dims="3 3">
          0.000000000000000e0 0.000000000000000e0 -1.000000000000000e0
          0.000000000000000e0 -1.000000000000000e0 0.000000000000000e0
          -1.000000000000000e0 0.000000000000000e0 0.000000000000000e0
          </rotation>
        <fractional_translation>0.000000000000000e0 0.000000000000000e0 0.000000000000000e0</fractional_translation>
        <equivalent_atoms size="1" nat="1">
          1
          </equivalent_atoms>
      </symmetry>
      <symmetry>
        <info name=" 90 deg rotation - cart. axis [-1,0,0]">crystal_symmetry</info>
        <rotation rank="2" dims="3 3">
          0.000000000000000e0 -1.000000000000000e0 0.000000000000000e0
          0.000000000000000e0 0.000000000000000e0 -1.000000000000000e0
          1.000000000000000e0 1.000000000000000e0 1.000000000000000e0
          </rotation>
        <fractional_translation>0.000000000000000e0 0.000000000000000e0 0.000000000000000e0</fractional_translation>
        <equivalent_atoms size="1" nat="1">
          1
          </equivalent_atoms>
      </symmetry>
      <symmetry>
        <info name=" 90 deg rotation - cart. axis [1,0,0]">crystal_symmetry</info>
        <rotation rank="2" dims="3 3">
          1.000000000000000e0 1.000000000000000e0 1.000000000000000e0
          -1.000000000000000e0 0.000000000000000e0 0.000000000000000e0
          0.000000000000000e0 -1.000000000000000e0 0.000000000000000e0
          </rotation>
        <fractional_translation>0.000000000000000e0 0.000000000000000e0 0.000000000000000e0</fractional_translation>
        <equivalent_atoms size="1" nat="1">
          1
          </equivalent_atoms>
      </symmetry>
      <symmetry>
        <info name="120 deg rotation - cart. axis [-1,-1,-1]">crystal_symmetry</info>
        <rotation rank="2" dims="3 3">
          -1.000000000000000e0 -1.000000000000000e0 -1.000000000000000e0
          0.000000000000000e0 1.000000000000000e0 0.000000000000000e0
          1.000000000000000e0 0.000000000000000e0 0.000000000000000e0
          </rotation>
        <fractional_translation>0.000000000000000e0 0.000000000000000e0 0.000000000000000e0</fractional_translation>
        <equivalent_atoms size="1" nat="1">
          1
          </equivalent_atoms>
      </symmetry>
      <symmetry>
        <info name="120 deg rotation - cart. axis [-1,1,1]">crystal_symmetry</info>
        <rotation rank="2" dims="3 3">
          0.000000000000000e0 0.000000000000000e0 1.000000000000000e0
          1.000000000000000e0 0.000000000000000e0 0.000000000000000e0
          0.000000000000000e0 1.000000000000000e0 0.000000000000000e0
          </rotation>
        <fractional_translation>0.000000000000000e0 0.000000000000000e0 0.000000000000000e0</fractional_translation>
        <equivalent_atoms size="1" nat="1">
          1
          </equivalent_atoms>
      </symmetry>
      <symmetry>
        <info name="120 deg rotation - cart. axis [1,1,-1]">crystal_symmetry</info>
        <rotation rank="2" dims="3 3">
          1.000000000000000e0 0.000000000000000e0 0.000000000000000e0
          0.000000000000000e0 0.000000000000000e0 1.000000000000000e0
          -1.000000000000000e0 -1.000000000000000e0 -1.000000000000000e0
          </rotation>
        <fractional_translation>0.000000000000000e0 0.000000000000000e0 0.000000000000000e0</fractional_translation>
        <equivalent_atoms size="1" nat="1">
          1
          </equivalent_atoms>
      </symmetry>
      <symmetry>
        <info name="120 deg rotation - cart. axis [1,-1,1]">crystal_symmetry</info>
        <rotation rank="2" dims="3 3">
          0.000000000000000e0 1.000000000000000e0 0.000000000000000e0
          -1.000000000000000e0 -1.000000000000000e0 -1.000000000000000e0
          0.000000000000000e0 0.000000000000000e0 1.000000000000000e0
          </rotation>
        <fractional_translation>0.000000000000000e0 0.000000000000000e0 0.000000000000000e0</fractional_translation>
        <equivalent_atoms size="1" nat="1">
          1
          </equivalent_atoms>
      </symmetry>
      <symmetry>
        <info name="120 deg rotation - cart. axis [1,1,1]">crystal_symmetry</info>
        <rotation rank="2" dims="3 3">
          0.000000000000000e0 0.000000000000000e0 1.000000000000000e0
          0.000000000000000e0 1.000000000000000e0 0.000000000000000e0
          -1.000000000000000e0 -1.000000000000000e0 -1.000000000000000e0
          </rotation>
        <fractional_translation>0.000000000000000e0 0.000000000000000e0 0.000000000000000e0</fractional_translation>
        <equivalent_atoms size="1" nat="1">
          1
          </equivalent_atoms>
      </symmetry>
      <symmetry>
        <info name="120 deg rotation - cart. axis [-1,1,-1]">crystal_symmetry</info>
        <rotation rank="2" dims="3 3">
          -1.000000000000000e0 -1.000000000000000e0 -1.000000000000000e0
          1.000000000000000e0 0.000000000000000e0 0.000000000000000e0
          0.000000000000000e0 0.000000000000000e0 1.000000000000000e0
          </rotation>
        <fractional_translation>0.000000000000000e0 0.000000000000000e0 0.000000000000000e0</fractional_translation>
        <equivalent_atoms size="1" nat="1">
          1
          </equivalent_atoms>
      </symmetry>
      <symmetry>
        <info name="120 deg rotation - cart. axis [1,-1,-1]">crystal_symmetry</info>
        <rotation rank="2" dims="3 3">
          0.000000000000000e0 1.000000000000000e0 0.000000000000000e0
          0.000000000000000e0 0.000000000000000e0 1.000000000000000e0
          1.000000000000000e0 0.000000000000000e0 0.000000000000000e0
          </rotation>
        <fractional_translation>0.000000000000000e0 0.000000000000000e0 0.000000000000000e0</fractional_translation>
        <equivalent_atoms size="1" nat="1">
          1
          </equivalent_atoms>
      </symmetry>
      <symmetry>
        <info name="120 deg rotation - cart. axis [-1,-1,1]">crystal_symmetry</info>
        <rotation rank="2" dims="3 3">
          1.000000000000000e0 0.000000000000000e0 0.000000000000000e0
          -1.000000000000000e0 -1.000000000000000e0 -1.000000000000000e0
          0.000000000000000e0 1.000000000000000e0 0.000000000000000e0
          </rotation>
        <fractional_translation>0.000000000000000e0 0.000000000000000e0 0.000000000000000e0</fractional_translation>
        <equivalent_atoms size="1" nat="1">
          1
          </equivalent_atoms>
      </symmetry>
      <symmetry>
        <info name="inversion">crystal_symmetry</info>
        <rotation rank="2" dims="3 3">
          -1.000000000000000e0 0.000000000000000e0 0.000000000000000e0
          0.000000000000000e0 -1.000000000000000e0 0.000000000000000e0
          0.000000000000000e0 0.000000000000000e0 -1.000000000000000e0
          </rotation>
        <fractional_translation>0.000000000000000e0 0.000000000000000e0 0.000000000000000e0</fractional_translation>
        <equivalent_atoms size="1" nat="1">
          1
          </equivalent_atoms>
      </symmetry>
      <symmetry>
        <info name="inv. 180 deg rotation - cart. axis [0,0,1]">crystal_symmetry</info>
        <rotation rank="2" dims="3 3">
          0.000000000000000e0 -1.000000000000000e0 0.000000000000000e0
          -1.000000000000000e0 0.000000000000000e0 0.000000000000000e0
          1.000000000000000e0 1.000000000000000e0 1.000000000000000e0
          </rotation>
        <fractional_translation>0.000000000000000e0 0.000000000000000e0 0.000000000000000e0</fractional_translation>
        <equivalent_atoms size="1" nat="1">
          1
          </equivalent_atoms>
      </symmetry>
      <symmetry>
        <info name="inv. 180 deg rotation - cart. axis [0,1,0]">crystal_symmetry</info>
        <rotation rank="2" dims="3 3">
          1.000000000000000e0 1.000000000000000e0 1.000000000000000e0
          0.000000000000000e0 0.000000000000000e0 -1.000000000000000e0
          0.000000000000000e0 -1.000000000000000e0 0.000000000000000e0
          </rotation>
        <fractional_translation>0.000000000000000e0 0.000000000000000e0 0.000000000000000e0</fractional_translation>
        <equivalent_atoms size="1" nat="1">
          1
          </equivalent_atoms>
      </symmetry>
      <symmetry>
        <info name="inv. 180 deg rotation - cart. axis [1,0,0]">crystal_symmetry</info>
        <rotation rank="2" dims="3 3">
          0.000000000000000e0 0.000000000000000e0 -1.000000000000000e0
          1.000000000000000e0 1.000000000000000e0 1.000000000000000e0
          -1.000000000000000e0 0.000000000000000e0 0.000000000000000e0
          </rotation>
        <fractional_translation>0.000000000000000e0 0.000000000000000e0 0.000000000000000e0</fractional_translation>
        <equivalent_atoms size="1" nat="1">
          1
          </equivalent_atoms>
      </symmetry>
      <symmetry>
        <info name="inv. 180 deg rotation - cart. axis [1,1,0]">crystal_symmetry</info>
        <rotation rank="2" dims="3 3">
          0.000000000000000e0 1.000000000000000e0 0.000000000000000e0
          1.000000000000000e0 0.000000000000000e0 0.000000000000000e0
          0.000000000000000e0 0.000000000000000e0 1.000000000000000e0
          </rotation>
        <fractional_translation>0.000000000000000e0 0.000000000000000e0 0.000000000000000e0</fractional_translation>
        <equivalent_atoms size="1" nat="1">
          1
          </equivalent_atoms>
      </symmetry>
      <symmetry>
        <info name="inv. 180 deg rotation - cart. axis [1,-1,0]">crystal_symmetry</info>
        <rotation rank="2" dims="3 3">
          1.000000000000000e0 0.000000000000000e0 0.000000000000000e0
          0.000000000000000e0 1.000000000000000e0 0.000000000000000e0
          -1.000000000000000e0 -1.000000000000000e0 -1.000000000000000e0
          </rotation>
        <fractional_translation>0.000000000000000e0 0.000000000000000e0 0.000000000000000e0</fractional_translation>
        <equivalent_atoms size="1" nat="1">
          1
          </equivalent_atoms>
      </symmetry>
      <symmetry>
        <info name="inv.  90 deg rotation - cart. axis [0,0,-1]">crystal_symmetry</info>
        <rotation rank="2" dims="3 3">
          0.000000000000000e0 0.000000000000000e0 1.000000000000000e0
          -1.000000000000000e0 -1.000000000000000e0 -1.000000000000000e0
          0.000000000000000e0 1.000000000000000e0 0.000000000000000e0
          </rotation>
        <fractional_translation>0.000000000000000e0 0.000000000000000e0 0.000000000000000e0</fractional_translation>
        <equivalent_atoms size="1" nat="1">
          1
          </equivalent_atoms>
      </symmetry>
      <symmetry>
        <info name="inv.  90 deg rotation - cart. axis [0,0,1]">crystal_symmetry</info>
        <rotation rank="2" dims="3 3">
          -1.000000000000000e0 -1.000000000000000e0 -1.000000000000000e0
          0.000000000000000e0 0.000000000000000e0 1.000000000000000e0
          1.000000000000000e0 0.000000000000000e0 0.000000000000000e0
          </rotation>
        <fractional_translation>0.000000000000000e0 0.000000000000000e0 0.000000000000000e0</fractional_translation>
        <equivalent_atoms size="1" nat="1">
          1
          </equivalent_atoms>
      </symmetry>
      <symmetry>
        <info name="inv. 180 deg rotation - cart. axis [1,0,1]">crystal_symmetry</info>
        <rotation rank="2" dims="3 3">
          1.000000000000000e0 0.000000000000000e0 0.000000000000000e0
          0.000000000000000e0 0.000000000000000e0 1.000000000000000e0
          0.000000000000000e0 1.000000000000000e0 0.000000000000000e0
          </rotation>
        <fractional_translation>0.000000000000000e0 0.000000000000000e0 0.000000000000000e0</fractional_translation>
        <equivalent_atoms size="1" nat="1">
          1
          </equivalent_atoms>
      </symmetry>
      <symmetry>
        <info name="inv. 180 deg rotation - cart. axis [-1,0,1]">crystal_symmetry</info>
        <rotation rank="2" dims="3 3">
          -1.000000000000000e0 -1.000000000000000e0 -1.000000000000000e0
          0.000000000000000e0 1.000000000000000e0 0.000000000000000e0
          0.000000000000000e0 0.000000000000000e0 1.000000000000000e0
          </rotation>
        <fractional_translation>0.000000000000000e0 0.000000000000000e0 0.000000000000000e0</fractional_translation>
        <equivalent_atoms size="1" nat="1">
          1
          </equivalent_atoms>
      </symmetry>
      <symmetry>
        <info name="inv.  90 deg rotation - cart. axis [0,1,0]">crystal_symmetry</info>
        <rotation rank="2" dims="3 3">
          0.000000000000000e0 1.000000000000000e0 0.000000000000000e0
          -1.000000000000000e0 -1.000000000000000e0 -1.000000000000000e0
          1.000000000000000e0 0.000000000000000e0 0.000000000000000e0
          </rotation>
        <fractional_translation>0.000000000000000e0 0.000000000000000e0 0.000000000000000e0</fractional_translation>
        <equivalent_atoms size="1" nat="1">
          1
          </equivalent_atoms>
      </symmetry>
      <symmetry>
        <info name="inv.  90 deg rotation - cart. axis [0,-1,0]">crystal_symmetry</info>
        <rotation rank="2" dims="3 3">
          0.000000000000000e0 0.000000000000000e0 1.000000000000000e0
          1.000000000000000e0 0.000000000000000e0 0.000000000000000e0
          -1.000000000000000e0 -1.000000000000000e0 -1.000000000000000e0
          </rotation>
        <fractional_translation>0.000000000000000e0 0.000000000000000e0 0.000000000000000e0</fractional_translation>
        <equivalent_atoms size="1" nat="1">
          1
          </equivalent_atoms>
      </symmetry>
      <symmetry>
        <info name="inv. 180 deg rotation - cart. axis [0,1,1]">crystal_symmetry</info>
        <rotation rank="2" dims="3 3">
          1.000000000000000e0 0.000000000000000e0 0.000000000000000e0
          -1.000000000000000e0 -1.000000000000000e0 -1.000000000000000e0
          0.000000000000000e0 0.000000000000000e0 1.000000000000000e0
          </rotation>
        <fractional_translation>0.000000000000000e0 0.000000000000000e0 0.000000000000000e0</fractional_translation>
        <equivalent_atoms size="1" nat="1">
          1
          </equivalent_atoms>
      </symmetry>
      <symmetry>
        <info name="inv. 180 deg rotation - cart. axis [0,1,-1]">crystal_symmetry</info>
        <rotation rank="2" dims="3 3">
          0.000000000000000e0 0.000000000000000e0 1.000000000000000e0
          0.000000000000000e0 1.000000000000000e0 0.000000000000000e0
          1.000000000000000e0 0.000000000000000e0 0.000000000000000e0
          </rotation>
        <fractional_translation>0.000000000000000e0 0.000000000000000e0 0.000000000000000e0</fractional_translation>
        <equivalent_atoms size="1" nat="1">
          1
          </equivalent_atoms>
      </symmetry>
      <symmetry>
        <info name="inv.  90 deg rotation - cart. axis [-1,0,0]">crystal_symmetry</info>
        <rotation rank="2" dims="3 3">
          0.000000000000000e0 1.000000000000000e0 0.000000000000000e0
          0.000000000000000e0 0.000000000000000e0 1.000000000000000e0
          -1.000000000000000e0 -1.000000000000000e0 -1.000000000000000e0
          </rotation>
        <fractional_translation>0.000000000000000e0 0.000000000000000e0 0.000000000000000e0</fractional_translation>
        <equivalent_atoms size="1" nat="1">
          1
          </equivalent_atoms>
      </symmetry>
      <symmetry>
        <info name="inv.  90 deg rotation - cart. axis [1,0,0]">crystal_symmetry</info>
        <rotation rank="2" dims="3 3">
          -1.000000000000000e0 -1.000000000000000e0 -1.000000000000000e0
          1.000000000000000e0 0.000000000000000e0 0.000000000000000e0
          0.000000000000000e0 1.000000000000000e0 0.000000000000000e0
          </rotation>
        <fractional_translation>0.000000000000000e0 0.000000000000000e0 0.000000000000000e0</fractional_translation>
        <equivalent_atoms size="1" nat="1">
          1
          </equivalent_atoms>
      </symmetry>
      <symmetry>
        <info name="inv. 120 deg rotation - cart. axis [-1,-1,-1]">crystal_symmetry</info>
        <rotation rank="2" dims="3 3">
          1.000000000000000e0 1.000000000000000e0 1.000000000000000e0
          0.000000000000000e0 -1.000000000000000e0 0.000000000000000e0
          -1.000000000000000e0 0.000000000000000e0 0.000000000000000e0
          </rotation>
        <fractional_translation>0.000000000000000e0 0.000000000000000e0 0.000000000000000e0</fractional_translation>
        <equivalent_atoms size="1" nat="1">
          1
          </equivalent_atoms>
      </symmetry>
      <symmetry>
        <info name="inv. 120 deg rotation - cart. axis [-1,1,1]">crystal_symmetry</info>
        <rotation rank="2" dims="3 3">
          0.000000000000000e0 0.000000000000000e0 -1.000000000000000e0
          -1.000000000000000e0 0.000000000000000e0 0.000000000000000e0
          0.000000000000000e0 -1.000000000000000e0 0.000000000000000e0
          </rotation>
        <fractional_translation>0.000000000000000e0 0.000000000000000e0 0.000000000000000e0</fractional_translation>
        <equivalent_atoms size="1" nat="1">
          1
          </equivalent_atoms>
      </symmetry>
      <symmetry>
        <info name="inv. 120 deg rotation - cart. axis [1,1,-1]">crystal_symmetry</info>
        <rotation rank="2" dims="3 3">
          -1.000000000000000e0 0.000000000000000e0 0.000000000000000e0
          0.000000000000000e0 0.000000000000000e0 -1.000000000000000e0
          1.000000000000000e0 1.000000000000000e0 1.000000000000000e0
          </rotation>
        <fractional_translation>0.000000000000000e0 0.000000000000000e0 0.000000000000000e0</fractional_translation>
        <equivalent_atoms size="1" nat="1">
          1
          </equivalent_atoms>
      </symmetry>
      <symmetry>
        <info name="inv. 120 deg rotation - cart. axis [1,-1,1]">crystal_symmetry</info>
        <rotation rank="2" dims="3 3">
          0.000000000000000e0 -1.000000000000000e0 0.000000000000000e0
          1.000000000000000e0 1.000000000000000e0 1.000000000000000e0
          0.000000000000000e0 0.000000000000000e0 -1.000000000000000e0
          </rotation>
        <fractional_translation>0.000000000000000e0 0.000000000000000e0 0.000000000000000e0</fractional_translation>
        <equivalent_atoms size="1" nat="1">
          1
          </equivalent_atoms>
      </symmetry>
      <symmetry>
        <info name="inv. 120 deg rotation - cart. axis [1,1,1]">crystal_symmetry</info>
        <rotation rank="2" dims="3 3">
          0.000000000000000e0 0.000000000000000e0 -1.000000000000000e0
          0.000000000000000e0 -1.000000000000000e0 0.000000000000000e0
          1.000000000000000e0 1.000000000000000e0 1.000000000000000e0
          </rotation>
        <fractional_translation>0.000000000000000e0 0.000000000000000e0 0.000000000000000e0</fractional_translation>
        <equivalent_atoms size="1" nat="1">
          1
          </equivalent_atoms>
      </symmetry>
      <symmetry>
        <info name="inv. 120 deg rotation - cart. axis [-1,1,-1]">crystal_symmetry</info>
        <rotation rank="2" dims="3 3">
          1.000000000000000e0 1.000000000000000e0 1.000000000000000e0
          -1.000000000000000e0 0.000000000000000e0 0.000000000000000e0
          0.000000000000000e0 0.000000000000000e0 -1.000000000000000e0
          </rotation>
        <fractional_translation>0.000000000000000e0 0.000000000000000e0 0.000000000000000e0</fractional_translation>
        <equivalent_atoms size="1" nat="1">
          1
          </equivalent_atoms>
      </symmetry>
      <symmetry>
        <info name="inv. 120 deg rotation - cart. axis [1,-1,-1]">crystal_symmetry</info>
        <rotation rank="2" dims="3 3">
          0.000000000000000e0 -1.000000000000000e0 0.000000000000000e0
          0.000000000000000e0 0.000000000000000e0 -1.000000000000000e0
          -1.000000000000000e0 0.000000000000000e0 0.000000000000000e0
          </rotation>
        <fractional_translation>0.000000000000000e0 0.000000000000000e0 0.000000000000000e0</fractional_translation>
        <equivalent_atoms size="1" nat="1">
          1
          </equivalent_atoms>
      </symmetry>
      <symmetry>
        <info name="inv. 120 deg rotation - cart. axis [-1,-1,1]">crystal_symmetry</info>
        <rotation rank="2" dims="3 3">
          -1.000000000000000e0 0.000000000000000e0 0.000000000000000e0
          1.000000000000000e0 1.000000000000000e0 1.000000000000000e0
          0.000000000000000e0 -1.000000000000000e0 0.000000000000000e0
          </rotation>
        <fractional_translation>0.000000000000000e0 0.000000000000000e0 0.000000000000000e0</fractional_translation>
        <equivalent_atoms size="1" nat="1">
          1
          </equivalent_atoms>
      </symmetry>
    </symmetries>
    <basis_set>
      <gamma_only>false</gamma_only>
      <ecutwfc>1.500000000000000e1</ecutwfc>
      <ecutrho>6.000000000000000e1</ecutrho>
      <fft_grid nr1="20" nr2="20" nr3="20"></fft_grid>
      <fft_smooth nr1="20" nr2="20" nr3="20"></fft_smooth>
      <fft_box nr1="20" nr2="20" nr3="20"></fft_box>
      <ngm>2637</ngm>
      <ngms>2637</ngms>
      <npwx>332</npwx>
      <reciprocal_lattice>
        <b1>-1.000000000000000e0 -1.000000000000000e0 1.000000000000000e0</b1>
        <b2>1.000000000000000e0 1.000000000000000e0 1.000000000000000e0</b2>
        <b3>-1.000000000000000e0 1.000000000000000e0 -1.000000000000000e0</b3>
      </reciprocal_lattice>
    </basis_set>
    <dft>
      <functional>PBE</functional>
    </dft>
    <magnetization>
      <lsda>false</lsda>
      <noncolin>false</noncolin>
      <spinorbit>false</spinorbit>
      <absolute>0.000000000000000e0</absolute>
    </magnetization>
    <total_energy>
      <etot>-1.975360484738211e1</etot>
      <eband>3.517553148212662e-1</eband>
      <ehart>2.657979203730157e-3</ehart>
      <vtxc>-1.084612275862816e0</vtxc>
      <etxc>-1.286107442268180e0</etxc>
      <ewald>-2.670476590963364e0</ewald>
      <demet>8.157250142109353e-4</demet>
    </total_energy>
    <band_structure>
      <lsda>false</lsda>
      <noncolin>false</noncolin>
      <spinorbit>false</spinorbit>
      <nbnd>6</nbnd>
      <nelec>3.000000000000000e0</nelec>
      <num_of_atomic_wfc>4</num_of_atomic_wfc>
      <wf_collected>true</wf_collected>
      <fermi_energy>2.839254642452484e-1</fermi_energy>
      <starting_k_points>
        <monkhorst_pack nk1="6" nk2="6" nk3="6" k1="0" k2="0" k3="0">Monkhorst-Pack</monkhorst_pack>
      </starting_k_points>
      <nks>16</nks>
      <occupations_kind>smearing</occupations_kind>
      <smearing degauss="2.500000000000e-2">mp</smearing>
      <ks_energies>
        <k_point weight="9.259259259259e-3">0.000000000000000e0 0.000000000000000e0 0.000000000000000e0</k_point>
        <npw>331</npw>
        <eigenvalues size="6">
          -1.230827713449203e-1 7.338286060003206e-1 7.338391292006370e-1 7.793672444979199e-1 7.793673667347084e-1
          7.793679768034769e-1
          </eigenvalues>
        <occupations size="6">
          1.000000000000000e0 -7.025507546215715e-87 -7.025671872303652e-87 -7.736620714177201e-87 -7.736622622978012e-87
          -7.736632149567929e-87
          </occupations>
      </ks_energies>
      <ks_energies>
        <k_point weight="7.407407407407e-2">-1.666666666666667e-1 1.666666666666667e-1 -1.666666666666667e-1</k_point>
        <npw>320</npw>
        <eigenvalues size="6">
          -9.601231772686095e-2 5.166809621128432e-1 6.852189339056785e-1 6.852361813411873e-1 8.014710594084196e-1
          8.503457493119523e-1
          </eigenvalues>
        <occupations size="6">
          1.000000000000000e0 -5.883205269486279e-38 -6.266438345703449e-87 -6.266707674759136e-87 -8.081785048544992e-87
          -8.844992661180779e-87
          </occupations>
      </ks_energies>
      <ks_energies>
        <k_point weight="7.407407407407e-2">-3.333333333333333e-1 3.333333333333333e-1 -3.333333333333333e-1</k_point>
        <npw>314</npw>
        <eigenvalues size="6">
          -1.561013285605368e-2 2.952535916984837e-1 6.637933092075754e-1 6.637937489753318e-1 7.575725441964125e-1
          7.575857678667688e-1
          </eigenvalues>
        <occupations size="6">
          1.000000000000000e0 1.567231246787019e-1 -5.931864358485428e-87 -5.931871225722849e-87 -7.396283389929065e-87
          -7.396489885477222e-87
          </occupations>
      </ks_energies>
      <ks_energies>
        <k_point weight="3.703703703704e-2">5.000000000000000e-1 -5.000000000000000e-1 5.000000000000000e-1</k_point>
        <npw>332</npw>
        <eigenvalues size="6">
          1.136881860895233e-1 1.181756288690766e-1 6.834195920576560e-1 6.834203527675604e-1 6.925594637528745e-1
          8.219742597383135e-1
          </eigenvalues>
        <occupations size="6">
          1.000000000000000e0 1.000000000000000e0 -6.238340542958198e-87 -6.238352421899861e-87 -6.381065124332999e-87
          -8.401954825704861e-87
          </occupations>
      </ks_energies>
      <ks_energies>
        <k_point weight="5.555555555556e-2">0.000000000000000e0 3.333333333333333e-1 0.000000000000000e0</k_point>
        <npw>315</npw>
        <eigenvalues size="6">
          -8.701806819015800e-2 6.008104762943061e-1 6.008376207318085e-1 6.107066661298958e-1 7.120476777075111e-1
          7.293423926430204e-1
          </eigenvalues>
        <occupations size="6">
          1.000000000000000e0 -5.948302671064218e-70 -5.787301542311345e-70 -2.299796358629773e-74 -6.685385280148014e-87
          -6.955452632456516e-87
          </occupations>
      </ks_energies>
      <ks_energies>
        <k_point weight="2.222222222222e-1">-1.666666666666667e-1 5.000000000000000e-1 -1.666666666666667e-1</k_point>
        <npw>322</npw>
        <eigenvalues size="6">
          -2.449080684483276e-2 3.856401770217883e-1 5.625520747805241e-1 5.901855103151940e-1 6.221705520362314e-1
          7.971960079199659e-1
          </eigenvalues>
        <occupations size="6">
          1.000000000000000e0 -6.990322224395885e-8 -3.541561269681240e-54 -2.291184030867327e-65 -1.200285161909864e-79
          -8.015027554086464e-87
          </occupations>
      </ks_energies>
      <ks_energies>
        <k_point weight="2.222222222222e-1">6.666666666666666e-1 -3.333333333333334e-1 6.666666666666666e-1</k_point>
        <npw>321</npw>
        <eigenvalues size="6">
          8.968685168310817e-2 1.933425170618737e-1 5.008077302206702e-1 5.706729374653929e-1 6.353335060443770e-1
          8.516074056619637e-1
          </eigenvalues>
        <occupations size="6">
          1.000000000000000e0 1.000001882423806e0 -4.984427827175209e-33 -2.352271438293427e-57 -6.138852605580404e-86
          -8.864694182208519e-87
          </occupations>
      </ks_energies>
      <ks_energies>
        <k_point weight="2.222222222222e-1">5.000000000000000e-1 -1.666666666666667e-1 5.000000000000000e-1</k_point>
        <npw>321</npw>
        <eigenvalues size="6">
          4.610526336570359e-2 2.521727975048154e-1 4.605291396002632e-1 6.251036618243715e-1 6.952041228798675e-1
          8.135426627604957e-1
          </eigenvalues>
        <occupations size="6">
          1.000000000000000e0 1.035159899258884e0 -4.154430869469810e-22 -4.992516574959026e-81 -6.422363063665848e-87
          -8.270290379079235e-87
          </occupations>
      </ks_energies>
      <ks_energies>
        <k_point weight="1.111111111111e-1">3.333333333333333e-1 2.775557561562891e-17 3.333333333333333e-1</k_point>
        <npw>317</npw>
        <eigenvalues size="6">
          -5.119716272110024e-2 4.399172790193388e-1 4.880954372981830e-1 7.236968944337823e-1 7.980046503926841e-1
          8.040252624952549e-1
          </eigenvalues>
        <occupations size="6">
          1.000000000000000e0 -2.117325898646402e-17 -2.454523844016964e-29 -6.867294790045309e-87 -8.027654991565797e-87
          -8.121670462527941e-87
          </occupations>
      </ks_energies>
      <ks_energies>
        <k_point weight="5.555555555556e-2">0.000000000000000e0 6.666666666666666e-1 0.000000000000000e0</k_point>
        <npw>323</npw>
        <eigenvalues size="6">
          1.966800220179734e-2 4.350159825327289e-1 5.059328039609522e-1 5.082642563810519e-1 5.082651471299923e-1
          6.310313686646197e-1
          </eigenvalues>
        <occupations size="6">
          1.000000000000000e0 -2.275299126201629e-16 -1.396430748182508e-34 -2.670319638170359e-35 -2.668623491725612e-35
          -7.427490346092855e-84
          </occupations>
      </ks_energies>
      <ks_energies>
        <k_point weight="2.222222222222e-1">8.333333333333332e-1 -1.666666666666667e-1 8.333333333333332e-1</k_point>
        <npw>318</npw>
        <eigenvalues size="6">
          1.150376674735010e-1 3.159494237749674e-1 3.299263044684726e-1 5.006585405723105e-1 5.560135765626559e-1
          7.401670867586494e-1
          </eigenvalues>
        <occupations size="6">
          1.000000000000000e0 -3.500717622990468e-2 -1.294055571720978e-2 -5.524085241033612e-33 -1.098592396242334e-51
          -7.124486726991091e-87
          </occupations>
      </ks_energies>
      <ks_energies>
        <k_point weight="1.111111111111e-1">6.666666666666668e-1 -5.551115123125783e-17 6.666666666666668e-1</k_point>
        <npw>323</npw>
        <eigenvalues size="6">
          1.586655984514603e-1 2.396157866870912e-1 2.898772144905275e-1 5.395830356664387e-1 6.038042576848278e-1
          9.477186979654071e-1
          </eigenvalues>
        <occupations size="6">
          1.000000000016998e0 1.015515189668894e0 3.047205646700263e-1 -1.093022994034991e-45 -2.843624715995398e-71
          -1.036552968809166e-86
          </occupations>
      </ks_energies>
      <ks_energies>
        <k_point weight="2.777777777778e-2">0.000000000000000e0 -1.000000000000000e0 0.000000000000000e0</k_point>
        <npw>326</npw>
        <eigenvalues size="6">
          1.730603709973420e-1 2.187862481024790e-1 4.702869054759443e-1 4.773993362559502e-1 4.773993474341545e-1
          5.987704173586430e-1
          </eigenvalues>
        <occupations size="6">
          1.000000003423153e0 1.000713281368338e0 -1.519535229197559e-24 -2.095610244752234e-26 -2.095595867022734e-26
          -4.646003587836336e-69
          </occupations>
      </ks_energies>
      <ks_energies>
        <k_point weight="2.222222222222e-1">6.666666666666666e-1 -3.333333333333334e-1 1.000000000000000e0</k_point>
        <npw>318</npw>
        <eigenvalues size="6">
          5.478696981611863e-2 3.397787438460943e-1 3.902465559745792e-1 4.694293173120728e-1 7.398377546622824e-1
          7.942682328605112e-1
          </eigenvalues>
        <occupations size="6">
          1.000000000000000e0 -3.493331385499199e-3 -1.585181499726768e-8 -2.519037605952907e-24 -7.119344008673507e-87
          -7.969308589569835e-87
          </occupations>
      </ks_energies>
      <ks_energies>
        <k_point weight="2.222222222222e-1">5.000000000000000e-1 -1.666666666666667e-1 8.333333333333334e-1</k_point>
        <npw>318</npw>
        <eigenvalues size="6">
          1.804286146386606e-1 1.873411773937951e-1 3.871487644200191e-1 4.026631743569403e-1 7.806537300366509e-1
          7.998002265073605e-1
          </eigenvalues>
        <occupations size="6">
          1.000000039702351e0 1.000000335794898e0 -4.333365806148334e-8 -2.046585164213736e-10 -7.756709957886844e-87
          -8.055693990125034e-87
          </occupations>
      </ks_energies>
      <ks_energies>
        <k_point weight="1.111111111111e-1">-3.333333333333333e-1 -1.000000000000000e0 0.000000000000000e0</k_point>
        <npw>320</npw>
        <eigenvalues size="6">
          2.063131265663896e-1 2.534707319875157e-1 3.063806707575165e-1 3.591617497308354e-1 7.077609108357752e-1
          7.695491957216094e-1
          </eigenvalues>
        <occupations size="6">
          1.000051452740838e0 1.035451221318842e0 -1.108551665837112e-2 -8.857850845020721e-5 -6.618444842949096e-87
          -7.583305990705820e-87
          </occupations>
      </ks_energies>
    </band_structure>
    <forces rank="2" dims="3 1">
      0.000000000000000e0 0.000000000000000e0 0.000000000000000e0
      </forces>
    <stress rank="2" dims="3 3">
      -8.083360692500417e-5 -1.355252715606881e-20 -1.355252715606881e-20
      -1.355252715606881e-20 -8.083360692500417e-5 2.710505431213761e-20
      -2.710505431213761e-20 1.355252715606881e-20 -8.083360692500413e-5
      </stress>
  </output>
  <exit_status>0</exit_status>
  <timing_info>
    <total label="PWSCF">
      <cpu>1.623469000000000e0</cpu>
      <wall>3.202092885971069e0</wall>
    </total>
    <partial label="init_run" calls="1">
      <cpu>4.190980000000000e-1</cpu>
      <wall>6.905009746551514e-1</wall>
    </partial>
    <partial label="hinit0" calls="1">
      <cpu>1.777800000000000e-1</cpu>
      <wall>2.150270938873291e-1</wall>
    </partial>
    <partial label="init_vloc" calls="1">
      <cpu>6.099999999999994e-4</cpu>
      <wall>1.132965087890625e-3</wall>
    </partial>
    <partial label="init_us_1" calls="1">
      <cpu>6.343700000000002e-2</cpu>
      <wall>9.862899780273438e-2</wall>
    </partial>
    <partial label="fft" calls="70">
      <cpu>1.096249999999999e-1</cpu>
      <wall>1.195881366729736e-1</wall>
    </partial>
    <partial label="fft_scatter" calls="2776">
      <cpu>2.006530000000017e-1</cpu>
      <wall>4.683563709259033e-1</wall>
    </partial>
    <partial label="potinit" calls="1">
      <cpu>1.684030000000000e-1</cpu>
      <wall>3.607430458068848e-1</wall>
    </partial>
    <partial label="PAW_symme" calls="8">
      <cpu>2.404999999999768e-3</cpu>
      <wall>9.975910186767578e-3</wall>
    </partial>
    <partial label="v_of_rho" calls="4">
      <cpu>6.840000000000179e-3</cpu>
      <wall>2.402615547180176e-2</wall>
    </partial>
    <partial label="v_xc" calls="6">
      <cpu>8.884999999999810e-3</cpu>
      <wall>2.574419975280762e-2</wall>
    </partial>
    <partial label="v_h" calls="4">
      <cpu>8.090000000000597e-4</cpu>
      <wall>4.872083663940430e-3</wall>
    </partial>
    <partial label="PAW_pot" calls="4">
      <cpu>5.941170000000002e-1</cpu>
      <wall>1.150753974914551e0</wall>
    </partial>
    <partial label="newd" calls="4">
      <cpu>7.176999999999767e-3</cpu>
      <wall>9.000778198242188e-3</wall>
    </partial>
    <partial label="wfcinit" calls="1">
      <cpu>5.593199999999998e-2</cpu>
      <wall>8.851599693298340e-2</wall>
    </partial>
    <partial label="init_us_2" calls="176">
      <cpu>2.861000000000447e-3</cpu>
      <wall>5.984067916870117e-3</wall>
    </partial>
    <partial label="init_us_2:cp" calls="176">
      <cpu>2.653999999999490e-3</cpu>
      <wall>5.593538284301758e-3</wall>
    </partial>
    <partial label="wfcinit:atom" calls="16">
      <cpu>1.100000000000545e-4</cpu>
      <wall>2.379417419433594e-4</wall>
    </partial>
    <partial label="atomic_wfc" calls="16">
      <cpu>9.499999999995623e-5</cpu>
      <wall>2.076625823974609e-4</wall>
    </partial>
    <partial label="wfcinit:wfcr" calls="16">
      <cpu>5.532999999999999e-2</cpu>
      <wall>8.694005012512207e-2</wall>
    </partial>
    <partial label="wfcrot" calls="16">
      <cpu>5.531500000000000e-2</cpu>
      <wall>8.689761161804199e-2</wall>
    </partial>
    <partial label="rotwfck" calls="16">
      <cpu>5.529300000000004e-2</cpu>
      <wall>8.684277534484863e-2</wall>
    </partial>
    <partial label="rotwfck:hpsi" calls="16">
      <cpu>4.152299999999986e-2</cpu>
      <wall>6.541013717651367e-2</wall>
    </partial>
    <partial label="h_psi_bgrp" calls="265">
      <cpu>2.482270000000002e-1</cpu>
      <wall>5.796527862548828e-1</wall>
    </partial>
    <partial label="h_psi" calls="265">
      <cpu>2.479959999999992e-1</cpu>
      <wall>5.791332721710205e-1</wall>
    </partial>
    <partial label="h_psi:pot" calls="265">
      <cpu>2.475129999999990e-1</cpu>
      <wall>5.779156684875488e-1</wall>
    </partial>
    <partial label="vloc_psi" calls="265">
      <cpu>1.928710000000002e-1</cpu>
      <wall>4.318492412567139e-1</wall>
    </partial>
    <partial label="fftw" calls="2702">
      <cpu>2.217859999999972e-1</cpu>
      <wall>4.950361251831055e-1</wall>
    </partial>
    <partial label="h_psi:calbec" calls="265">
      <cpu>5.309899999999956e-2</cpu>
      <wall>1.418347358703613e-1</wall>
    </partial>
    <partial label="calbec" calls="409">
      <cpu>7.857500000000006e-2</cpu>
      <wall>2.105815410614014e-1</wall>
    </partial>
    <partial label="add_vuspsi" calls="265">
      <cpu>1.110000000001055e-3</cpu>
      <wall>3.096818923950195e-3</wall>
    </partial>
    <partial label="rotwfck:hc" calls="16">
      <cpu>1.313200000000003e-2</cpu>
      <wall>2.016520500183105e-2</wall>
    </partial>
    <partial label="s_psi_bgrp" calls="265">
      <cpu>1.387999999999723e-3</cpu>
      <wall>3.829002380371094e-3</wall>
    </partial>
    <partial label="s_psi" calls="265">
      <cpu>9.459999999990032e-4</cpu>
      <wall>2.628087997436523e-3</wall>
    </partial>
    <partial label="rotwfck:diag" calls="16">
      <cpu>5.300000000001415e-4</cpu>
      <wall>1.069068908691406e-3</wall>
    </partial>
    <partial label="cdiaghg" calls="233">
      <cpu>1.041000000000047e-2</cpu>
      <wall>2.570867538452148e-2</wall>
    </partial>
    <partial label="rotwfck:evc" calls="16">
      <cpu>5.100000000024529e-5</cpu>
      <wall>1.056194305419922e-4</wall>
    </partial>
    <partial label="electrons" calls="1">
      <cpu>9.065420000000001e-1</cpu>
      <wall>1.953289031982422e0</wall>
    </partial>
    <partial label="c_bands" calls="4">
      <cpu>3.974700000000000e-1</cpu>
      <wall>9.578182697296143e-1</wall>
    </partial>
    <partial label="cegterg" calls="64">
      <cpu>3.616310000000007e-1</cpu>
      <wall>8.953464031219482e-1</wall>
    </partial>
    <partial label="cegterg:init" calls="64">
      <cpu>1.954500000000037e-2</cpu>
      <wall>5.792284011840820e-2</wall>
    </partial>
    <partial label="cegterg:upda" calls="185">
      <cpu>6.060000000007726e-4</cpu>
      <wall>1.742124557495117e-3</wall>
    </partial>
    <partial label="g_psi" calls="185">
      <cpu>3.300000000003855e-4</cpu>
      <wall>9.281635284423828e-4</wall>
    </partial>
    <partial label="cegterg:over" calls="185">
      <cpu>7.700599999999924e-2</cpu>
      <wall>1.822280883789063e-1</wall>
    </partial>
    <partial label="cegterg:diag" calls="217">
      <cpu>1.012800000000080e-2</cpu>
      <wall>2.517795562744141e-2</wall>
    </partial>
    <partial label="cegterg:last" calls="135">
      <cpu>8.580000000000254e-4</cpu>
      <wall>2.107620239257813e-3</wall>
    </partial>
    <partial label="sum_band" calls="4">
      <cpu>5.908699999999989e-2</cpu>
      <wall>1.339409351348877e-1</wall>
    </partial>
    <partial label="sum_band:wei" calls="4">
      <cpu>9.490000000003107e-4</cpu>
      <wall>1.356840133666992e-3</wall>
    </partial>
    <partial label="sum_band:loo" calls="4">
      <cpu>5.004699999999973e-2</cpu>
      <wall>1.178479194641113e-1</wall>
    </partial>
    <partial label="sum_band:buf" calls="64">
      <cpu>9.799999999993148e-5</cpu>
      <wall>2.169609069824219e-4</wall>
    </partial>
    <partial label="sum_band:ini" calls="64">
      <cpu>8.540000000007986e-4</cpu>
      <wall>1.999855041503906e-3</wall>
    </partial>
    <partial label="sum_band:cal" calls="64">
      <cpu>1.312899999999928e-2</cpu>
      <wall>3.452301025390625e-2</wall>
    </partial>
    <partial label="sum_band:bec" calls="64">
      <cpu>2.710000000003543e-4</cpu>
      <wall>7.379055023193359e-4</wall>
    </partial>
    <partial label="ffts" calls="4">
      <cpu>2.070000000000682e-4</cpu>
      <wall>9.400844573974609e-4</wall>
    </partial>
    <partial label="addusdens" calls="4">
      <cpu>4.353000000000273e-3</cpu>
      <wall>5.922079086303711e-3</wall>
    </partial>
    <partial label="addusd:skk" calls="4">
      <cpu>1.600000000001600e-5</cpu>
      <wall>2.288818359375000e-5</wall>
    </partial>
    <partial label="addusd:dgemm" calls="4">
      <cpu>1.177000000000206e-3</cpu>
      <wall>1.543760299682617e-3</wall>
    </partial>
    <partial label="addusd:qvan2" calls="4">
      <cpu>2.456000000000014e-3</cpu>
      <wall>3.259658813476563e-3</wall>
    </partial>
    <partial label="sum_band:sym" calls="4">
      <cpu>2.693000000000056e-3</cpu>
      <wall>3.347158432006836e-3</wall>
    </partial>
    <partial label="mix_rho" calls="4">
      <cpu>9.670000000001622e-4</cpu>
      <wall>3.054857254028320e-3</wall>
    </partial>
    <partial label="ions" calls="1">
      <cpu>4.355999999999982e-2</cpu>
      <wall>8.746099472045898e-2</wall>
    </partial>
    <partial label="forces" calls="1">
      <cpu>1.079200000000013e-2</cpu>
      <wall>4.411888122558594e-2</wall>
    </partial>
    <partial label="frc_us" calls="1">
      <cpu>8.439000000000085e-3</cpu>
      <wall>3.513407707214355e-2</wall>
    </partial>
    <partial label="frc_lc" calls="1">
      <cpu>0.000000000000000e0</cpu>
      <wall>6.220340728759766e-4</wall>
    </partial>
    <partial label="frc_cc" calls="1">
      <cpu>5.919999999999259e-4</cpu>
      <wall>5.968093872070313e-3</wall>
    </partial>
    <partial label="frc_scc" calls="1">
      <cpu>1.639999999999864e-3</cpu>
      <wall>1.814126968383789e-3</wall>
    </partial>
    <partial label="stress" calls="1">
      <cpu>3.273800000000016e-2</cpu>
      <wall>4.327988624572754e-2</wall>
    </partial>
    <partial label="stres_us31" calls="16">
      <cpu>2.799999999969494e-5</cpu>
      <wall>3.457069396972656e-5</wall>
    </partial>
    <partial label="stres_us32" calls="16">
      <cpu>1.240000000002350e-4</cpu>
      <wall>1.785755157470703e-4</wall>
    </partial>
    <partial label="stres_us33" calls="16">
      <cpu>1.389999999992231e-4</cpu>
      <wall>1.897811889648438e-4</wall>
    </partial>
    <partial label="stres_us34" calls="16">
      <cpu>5.799999999922534e-5</cpu>
      <wall>8.130073547363281e-5</wall>
    </partial>
  </timing_info>
  <closed DATE="24 Feb 2023" TIME="16:38:38"></closed>
</qes:espresso>
