<?xml version="1.0" encoding="UTF-8"?>
<qes:espresso xsi:schemaLocation="http://www.quantum-espresso.org/ns/qes/qes-1.0 http://www.quantum-espresso.org/ns/qes/qes_220603.xsd" Units="Hartree atomic units" xmlns:xsi="http://www.w3.org/2001/XMLSchema-instance" xmlns:qes="http://www.quantum-espresso.org/ns/qes/qes-1.0">
  <!--All quantities are in Hartree atomic units unless otherwise specified-->
  <general_info>
    <xml_format NAME="QEXSD" VERSION="21.11.01">QEXSD_21.11.01</xml_format>
    <creator NAME="PWSCF" VERSION="7.1">XML file generated by PWSCF</creator>
    <created DATE="21Feb2023" TIME="17: 0:15">This run was terminated on:  17: 0:15  21 Feb 2023</created>
    <job></job>
  </general_info>
  <parallel_info>
    <nprocs>1</nprocs>
    <nthreads>1</nthreads>
    <ntasks>1</ntasks>
    <nbgrp>1</nbgrp>
    <npool>1</npool>
    <ndiag>1</ndiag>
  </parallel_info>
  <input>
    <control_variables>
      <title></title>
      <calculation>vc-relax</calculation>
      <restart_mode>from_scratch</restart_mode>
      <prefix>Si_relax</prefix>
      <pseudo_dir>./</pseudo_dir>
      <outdir>./</outdir>
      <stress>true</stress>
      <forces>true</forces>
      <wf_collect>true</wf_collect>
      <disk_io>low</disk_io>
      <max_seconds>10000000</max_seconds>
      <nstep>50</nstep>
      <etot_conv_thr>5.000000000000000e-5</etot_conv_thr>
      <forc_conv_thr>5.000000000000000e-4</forc_conv_thr>
      <press_conv_thr>5.000000000000000e-1</press_conv_thr>
      <verbosity>low</verbosity>
      <print_every>100000</print_every>
      <fcp>false</fcp>
      <rism>false</rism>
    </control_variables>
    <atomic_species ntyp="1">
      <species name="Si">
        <mass>2.808600000000000e1</mass>
        <pseudo_file>Si.pbe-rrkj.UPF</pseudo_file>
      </species>
    </atomic_species>
    <atomic_structure nat="7" alat="1.033299995415e1">
      <atomic_positions>
        <atom name="Si" index="1">5.166499977076962e0 5.166499977076962e0 0.000000000000000e0</atom>
        <atom name="Si" index="2">0.000000000000000e0 0.000000000000000e0 0.000000000000000e0</atom>
        <atom name="Si" index="3">5.166499977076962e0 0.000000000000000e0 5.166499977076962e0</atom>
        <atom name="Si" index="4">0.000000000000000e0 5.166499977076962e0 5.166499977076962e0</atom>
        <atom name="Si" index="5">7.749749965615443e0 7.749749965615443e0 2.583249988538481e0</atom>
        <atom name="Si" index="6">2.583249988538481e0 2.583249988538481e0 2.583249988538481e0</atom>
        <atom name="Si" index="7">7.749749965615443e0 2.583249988538481e0 7.749749965615443e0</atom>
      </atomic_positions>
      <cell>
        <a1>1.033299995415392e1 0.000000000000000e0 0.000000000000000e0</a1>
        <a2>0.000000000000000e0 1.033299995415392e1 0.000000000000000e0</a2>
        <a3>0.000000000000000e0 0.000000000000000e0 1.033299995415392e1</a3>
      </cell>
    </atomic_structure>
    <dft>
      <functional>PBE</functional>
    </dft>
    <spin>
      <lsda>false</lsda>
      <noncolin>false</noncolin>
      <spinorbit>false</spinorbit>
    </spin>
    <bands>
      <tot_charge>0.000000000000000e0</tot_charge>
      <occupations>fixed</occupations>
    </bands>
    <basis>
      <gamma_only>false</gamma_only>
      <ecutwfc>1.500000000000000e1</ecutwfc>
      <ecutrho>6.000000000000000e1</ecutrho>
    </basis>
    <electron_control>
      <diagonalization>davidson</diagonalization>
      <mixing_mode>plain</mixing_mode>
      <mixing_beta>7.000000000000000e-1</mixing_beta>
      <conv_thr>5.000000000000000e-9</conv_thr>
      <mixing_ndim>8</mixing_ndim>
      <max_nstep>100</max_nstep>
      <real_space_q>false</real_space_q>
      <real_space_beta>false</real_space_beta>
      <tq_smoothing>false</tq_smoothing>
      <tbeta_smoothing>false</tbeta_smoothing>
      <diago_thr_init>0.000000000000000e0</diago_thr_init>
      <diago_full_acc>false</diago_full_acc>
      <diago_cg_maxiter>20</diago_cg_maxiter>
      <diago_ppcg_maxiter>20</diago_ppcg_maxiter>
      <diago_rmm_ndim>4</diago_rmm_ndim>
      <diago_gs_nblock>16</diago_gs_nblock>
      <diago_rmm_conv>false</diago_rmm_conv>
    </electron_control>
    <k_points_IBZ>
      <monkhorst_pack nk1="6" nk2="6" nk3="6" k1="1" k2="1" k3="1">Uniform grid with offset</monkhorst_pack>
    </k_points_IBZ>
    <ion_control>
      <ion_dynamics>bfgs</ion_dynamics>
      <upscale>1.000000000000000e2</upscale>
      <remove_rigid_rot>false</remove_rigid_rot>
      <refold_pos>false</refold_pos>
      <bfgs>
        <ndim>1</ndim>
        <trust_radius_min>1.000000000000000e-4</trust_radius_min>
        <trust_radius_max>8.000000000000000e-1</trust_radius_max>
        <trust_radius_init>5.000000000000000e-1</trust_radius_init>
        <w1>1.000000000000000e-2</w1>
        <w2>5.000000000000000e-1</w2>
      </bfgs>
    </ion_control>
    <cell_control>
      <cell_dynamics>bfgs</cell_dynamics>
      <pressure>0.000000000000000e0</pressure>
      <wmass>1.966020000000000e2</wmass>
      <cell_do_free>all</cell_do_free>
    </cell_control>
    <symmetry_flags>
      <nosym>false</nosym>
      <nosym_evc>false</nosym_evc>
      <noinv>false</noinv>
      <no_t_rev>false</no_t_rev>
      <force_symmorphic>false</force_symmorphic>
      <use_all_frac>false</use_all_frac>
    </symmetry_flags>
    <free_positions rank="2" dims="3 7">
      1 1 1
      1 1 1
      1 1 1
      1 1 1
      1 1 1
      1 1 1
      1 1 1
      </free_positions>
  </input>
  <step>
    <scf_conv>
      <convergence_achieved>true</convergence_achieved>
      <n_scf_steps>8</n_scf_steps>
      <scf_error>5.484377457830373e-9</scf_error>
    </scf_conv>
    <atomic_structure nat="7" alat="1.033299995415e1">
      <atomic_positions>
        <atom name="Si" index="1">5.166499977076962e0 5.166499977076962e0 0.000000000000000e0</atom>
        <atom name="Si" index="2">0.000000000000000e0 0.000000000000000e0 0.000000000000000e0</atom>
        <atom name="Si" index="3">5.166499977076962e0 0.000000000000000e0 5.166499977076962e0</atom>
        <atom name="Si" index="4">0.000000000000000e0 5.166499977076962e0 5.166499977076962e0</atom>
        <atom name="Si" index="5">7.749749965615443e0 7.749749965615443e0 2.583249988538481e0</atom>
        <atom name="Si" index="6">2.583249988538481e0 2.583249988538481e0 2.583249988538481e0</atom>
        <atom name="Si" index="7">7.749749965615443e0 2.583249988538481e0 7.749749965615443e0</atom>
      </atomic_positions>
      <cell>
        <a1>1.033299995415392e1 0.000000000000000e0 0.000000000000000e0</a1>
        <a2>0.000000000000000e0 1.033299995415392e1 0.000000000000000e0</a2>
        <a3>0.000000000000000e0 0.000000000000000e0 1.033299995415392e1</a3>
      </cell>
    </atomic_structure>
    <total_energy>
      <etot>-2.743301569659804e1</etot>
      <eband>-3.799199780722040e-2</eband>
      <ehart>2.627727404301621e0</ehart>
      <vtxc>-1.061677427695006e1</vtxc>
      <etxc>-8.163974002016214e0</etxc>
      <ewald>-2.722004134759423e1</ewald>
    </total_energy>
    <forces rank="2" dims="3 7">
      -1.416352588254146e-3 1.416352588254146e-3 -1.416352588254146e-3
      1.416352588254146e-3 -1.416352588254146e-3 -1.416352588254146e-3
      -1.416352588254146e-3 -1.416352588254146e-3 1.416352588254146e-3
      1.416352588254146e-3 1.416352588254146e-3 1.416352588254146e-3
      0.000000000000000e0 0.000000000000000e0 0.000000000000000e0
      0.000000000000000e0 0.000000000000000e0 0.000000000000000e0
      0.000000000000000e0 0.000000000000000e0 0.000000000000000e0
      </forces>
    <stress rank="2" dims="3 3">
      -8.499758486930361e-5 0.000000000000000e0 0.000000000000000e0
      0.000000000000000e0 -8.499758486930361e-5 0.000000000000000e0
      0.000000000000000e0 0.000000000000000e0 -8.499758486930361e-5
      </stress>
  </step>
  <step>
    <scf_conv>
      <convergence_achieved>true</convergence_achieved>
      <n_scf_steps>21</n_scf_steps>
      <scf_error>2.769191487756400e-9</scf_error>
    </scf_conv>
    <atomic_structure nat="7" alat="1.033299995415e1">
      <atomic_positions>
        <atom name="Si" index="1">5.141722309541445e0 5.147363642584597e0 -2.820666521575792e-3</atom>
        <atom name="Si" index="2">2.820666521575793e-3 -2.820666521575793e-3 -2.820666521575793e-3</atom>
        <atom name="Si" index="3">5.141722309541445e0 -2.820666521575793e-3 5.147363642584597e0</atom>
        <atom name="Si" index="4">2.820666521575793e-3 5.147363642584597e0 5.147363642584597e0</atom>
        <atom name="Si" index="5">7.716814464094529e0 7.716814464094529e0 2.572271488031510e0</atom>
        <atom name="Si" index="6">2.572271488031510e0 2.572271488031510e0 2.572271488031510e0</atom>
        <atom name="Si" index="7">7.716814464094529e0 2.572271488031510e0 7.716814464094529e0</atom>
      </atomic_positions>
      <cell>
        <a1>1.028908595212604e1 0.000000000000000e0 0.000000000000000e0</a1>
        <a2>0.000000000000000e0 1.028908595212604e1 0.000000000000000e0</a2>
        <a3>0.000000000000000e0 0.000000000000000e0 1.028908595212604e1</a3>
      </cell>
    </atomic_structure>
    <total_energy>
      <etot>-2.743409859675648e1</etot>
      <eband>5.277462409540519e-2</eband>
      <ehart>2.597839429752937e0</ehart>
      <vtxc>-1.064319301580811e1</vtxc>
      <etxc>-8.183906792514014e0</etxc>
      <ewald>-2.734826509291212e1</ewald>
    </total_energy>
    <forces rank="2" dims="3 7">
      -2.029502044177185e-3 2.029502044177185e-3 -2.029502044177185e-3
      2.029502044177185e-3 -2.029502044177185e-3 -2.029502044177185e-3
      -2.029502044177185e-3 -2.029502044177185e-3 2.029502044177185e-3
      2.029502044177185e-3 2.029502044177185e-3 2.029502044177185e-3
      0.000000000000000e0 0.000000000000000e0 0.000000000000000e0
      0.000000000000000e0 0.000000000000000e0 0.000000000000000e0
      0.000000000000000e0 0.000000000000000e0 0.000000000000000e0
      </forces>
    <stress rank="2" dims="3 3">
      -6.101497863264468e-5 0.000000000000000e0 0.000000000000000e0
      0.000000000000000e0 -6.101497863264465e-5 0.000000000000000e0
      0.000000000000000e0 0.000000000000000e0 -6.101497863264470e-5
      </stress>
  </step>
  <step>
    <scf_conv>
      <convergence_achieved>true</convergence_achieved>
      <n_scf_steps>16</n_scf_steps>
      <scf_error>1.440239768800176e-12</scf_error>
    </scf_conv>
    <atomic_structure nat="7" alat="1.033299995415e1">
      <atomic_positions>
        <atom name="Si" index="1">5.100770487431869e0 5.122444461652348e0 -1.083698711023881e-2</atom>
        <atom name="Si" index="2">1.083698711023881e-2 -1.083698711023881e-2 -1.083698711023881e-2</atom>
        <atom name="Si" index="3">5.100770487431869e0 -1.083698711023881e-2 5.122444461652348e0</atom>
        <atom name="Si" index="4">1.083698711023881e-2 5.122444461652348e0 5.122444461652348e0</atom>
        <atom name="Si" index="5">7.667411211813160e0 7.667411211813160e0 2.555803737271054e0</atom>
        <atom name="Si" index="6">2.555803737271054e0 2.555803737271054e0 2.555803737271054e0</atom>
        <atom name="Si" index="7">7.667411211813160e0 2.555803737271054e0 7.667411211813160e0</atom>
      </atomic_positions>
      <cell>
        <a1>1.022321494908421e1 0.000000000000000e0 0.000000000000000e0</a1>
        <a2>0.000000000000000e0 1.022321494908421e1 0.000000000000000e0</a2>
        <a3>0.000000000000000e0 0.000000000000000e0 1.022321494908421e1</a3>
      </cell>
    </atomic_structure>
    <total_energy>
      <etot>-2.743523064615204e1</etot>
      <eband>1.958048867524878e-1</eband>
      <ehart>2.540629687754751e0</ehart>
      <vtxc>-1.068111567012483e1</vtxc>
      <etxc>-8.212482353876915e0</etxc>
      <ewald>-2.755903914957945e1</ewald>
    </total_energy>
    <forces rank="2" dims="3 7">
      -2.786727349203963e-3 2.786727349203963e-3 -2.786727349203963e-3
      2.786727349203964e-3 -2.786727349203963e-3 -2.786727349203963e-3
      -2.786727349203963e-3 -2.786727349203963e-3 2.786727349203963e-3
      2.786727349203964e-3 2.786727349203963e-3 2.786727349203963e-3
      0.000000000000000e0 0.000000000000000e0 0.000000000000000e0
      0.000000000000000e0 0.000000000000000e0 0.000000000000000e0
      0.000000000000000e0 0.000000000000000e0 0.000000000000000e0
      </forces>
    <stress rank="2" dims="3 3">
      -2.495836677351866e-5 0.000000000000000e0 0.000000000000000e0
      0.000000000000000e0 -2.495836677351867e-5 0.000000000000000e0
      0.000000000000000e0 0.000000000000000e0 -2.495836677351866e-5
      </stress>
  </step>
  <step>
    <scf_conv>
      <convergence_achieved>true</convergence_achieved>
      <n_scf_steps>14</n_scf_steps>
      <scf_error>5.285192399687132e-12</scf_error>
    </scf_conv>
    <atomic_structure nat="7" alat="1.033299995415e1">
      <atomic_positions>
        <atom name="Si" index="1">5.042983744599264e0 5.098934144450461e0 -2.797519992559769e-2</atom>
        <atom name="Si" index="2">2.797519992559770e-2 -2.797519992559768e-2 -2.797519992559769e-2</atom>
        <atom name="Si" index="3">5.042983744599264e0 -2.797519992559768e-2 5.098934144450462e0</atom>
        <atom name="Si" index="4">2.797519992559770e-2 5.098934144450461e0 5.098934144450462e0</atom>
        <atom name="Si" index="5">7.606438416787292e0 7.606438416787291e0 2.535479472262431e0</atom>
        <atom name="Si" index="6">2.535479472262431e0 2.535479472262430e0 2.535479472262431e0</atom>
        <atom name="Si" index="7">7.606438416787292e0 2.535479472262430e0 7.606438416787292e0</atom>
      </atomic_positions>
      <cell>
        <a1>1.014191788904972e1 0.000000000000000e0 0.000000000000000e0</a1>
        <a2>0.000000000000000e0 1.014191788904972e1 0.000000000000000e0</a2>
        <a3>0.000000000000000e0 0.000000000000000e0 1.014191788904972e1</a3>
      </cell>
    </atomic_structure>
    <total_energy>
      <etot>-2.743596654439927e1</etot>
      <eband>3.852278389948176e-1</eband>
      <ehart>2.446345670533485e0</ehart>
      <vtxc>-1.072429432659564e1</vtxc>
      <etxc>-8.244933809292229e0</etxc>
      <ewald>-2.785420598554511e1</ewald>
    </total_energy>
    <forces rank="2" dims="3 7">
      -3.396914114131309e-3 3.396914114131310e-3 -3.396914114131309e-3
      3.396914114131309e-3 -3.396914114131310e-3 -3.396914114131309e-3
      -3.396914114131309e-3 -3.396914114131310e-3 3.396914114131309e-3
      3.396914114131310e-3 3.396914114131310e-3 3.396914114131310e-3
      0.000000000000000e0 0.000000000000000e0 0.000000000000000e0
      0.000000000000000e0 0.000000000000000e0 0.000000000000000e0
      0.000000000000000e0 0.000000000000000e0 0.000000000000000e0
      </forces>
    <stress rank="2" dims="3 3">
      1.812315607953654e-5 0.000000000000000e0 0.000000000000000e0
      0.000000000000000e0 1.812315607953654e-5 0.000000000000000e0
      0.000000000000000e0 0.000000000000000e0 1.812315607953654e-5
      </stress>
  </step>
  <step>
    <scf_conv>
      <convergence_achieved>true</convergence_achieved>
      <n_scf_steps>11</n_scf_steps>
      <scf_error>3.264552096833485e-11</scf_error>
    </scf_conv>
    <atomic_structure nat="7" alat="1.033299995415e1">
      <atomic_positions>
        <atom name="Si" index="1">5.016529578407022e0 5.099726895946452e0 -4.159865876971346e-2</atom>
        <atom name="Si" index="2">4.159865876971348e-2 -4.159865876971346e-2 -4.159865876971346e-2</atom>
        <atom name="Si" index="3">5.016529578407022e0 -4.159865876971346e-2 5.099726895946453e0</atom>
        <atom name="Si" index="4">4.159865876971348e-2 5.099726895946452e0 5.099726895946453e0</atom>
        <atom name="Si" index="5">7.587192355765102e0 7.587192355765101e0 2.529064118588368e0</atom>
        <atom name="Si" index="6">2.529064118588368e0 2.529064118588367e0 2.529064118588368e0</atom>
        <atom name="Si" index="7">7.587192355765102e0 2.529064118588367e0 7.587192355765102e0</atom>
      </atomic_positions>
      <cell>
        <a1>1.011625647435347e1 0.000000000000000e0 0.000000000000000e0</a1>
        <a2>0.000000000000000e0 1.011625647435347e1 0.000000000000000e0</a2>
        <a3>0.000000000000000e0 0.000000000000000e0 1.011625647435347e1</a3>
      </cell>
    </atomic_structure>
    <total_energy>
      <etot>-2.743632929250349e1</etot>
      <eband>4.553590621816851e-1</eband>
      <ehart>2.390133539781142e0</ehart>
      <vtxc>-1.073288063962340e1</vtxc>
      <etxc>-8.251271384756492e0</etxc>
      <ewald>-2.798316923985544e1</ewald>
    </total_energy>
    <forces rank="2" dims="3 7">
      -3.121219944881229e-3 3.121219944881231e-3 -3.121219944881230e-3
      3.121219944881229e-3 -3.121219944881231e-3 -3.121219944881230e-3
      -3.121219944881229e-3 -3.121219944881231e-3 3.121219944881230e-3
      3.121219944881229e-3 3.121219944881231e-3 3.121219944881231e-3
      0.000000000000000e0 0.000000000000000e0 0.000000000000000e0
      0.000000000000000e0 0.000000000000000e0 0.000000000000000e0
      0.000000000000000e0 0.000000000000000e0 0.000000000000000e0
      </forces>
    <stress rank="2" dims="3 3">
      2.578746392511382e-5 0.000000000000000e0 0.000000000000000e0
      0.000000000000000e0 2.578746392511380e-5 0.000000000000000e0
      0.000000000000000e0 0.000000000000000e0 2.578746392511381e-5
      </stress>
  </step>
  <step>
    <scf_conv>
      <convergence_achieved>true</convergence_achieved>
      <n_scf_steps>10</n_scf_steps>
      <scf_error>3.584923346480051e-10</scf_error>
    </scf_conv>
    <atomic_structure nat="7" alat="1.033299995415e1">
      <atomic_positions>
        <atom name="Si" index="1">4.985259190668354e0 5.109272341198714e0 -6.200657526517960e-2</atom>
        <atom name="Si" index="2">6.200657526517962e-2 -6.200657526517958e-2 -6.200657526517960e-2</atom>
        <atom name="Si" index="3">4.985259190668354e0 -6.200657526517958e-2 5.109272341198716e0</atom>
        <atom name="Si" index="4">6.200657526517965e-2 5.109272341198714e0 5.109272341198716e0</atom>
        <atom name="Si" index="5">7.570898648900298e0 7.570898648900292e0 2.523632882966766e0</atom>
        <atom name="Si" index="6">2.523632882966766e0 2.523632882966765e0 2.523632882966766e0</atom>
        <atom name="Si" index="7">7.570898648900298e0 2.523632882966765e0 7.570898648900298e0</atom>
      </atomic_positions>
      <cell>
        <a1>1.009453153186706e1 0.000000000000000e0 0.000000000000000e0</a1>
        <a2>0.000000000000000e0 1.009453153186706e1 0.000000000000000e0</a2>
        <a3>0.000000000000000e0 0.000000000000000e0 1.009453153186706e1</a3>
      </cell>
    </atomic_structure>
    <total_energy>
      <etot>-2.743683631882033e1</etot>
      <eband>5.250398849095184e-1</eband>
      <ehart>2.314842346676916e0</ehart>
      <vtxc>-1.073445912353925e1</vtxc>
      <etxc>-8.252226700915674e0</etxc>
      <ewald>-2.812928765980562e1</ewald>
    </total_energy>
    <forces rank="2" dims="3 7">
      -2.365704240802850e-3 2.365704240802851e-3 -2.365704240802850e-3
      2.365704240802849e-3 -2.365704240802851e-3 -2.365704240802850e-3
      -2.365704240802849e-3 -2.365704240802851e-3 2.365704240802850e-3
      2.365704240802849e-3 2.365704240802851e-3 2.365704240802850e-3
      0.000000000000000e0 0.000000000000000e0 0.000000000000000e0
      0.000000000000000e0 0.000000000000000e0 0.000000000000000e0
      0.000000000000000e0 0.000000000000000e0 0.000000000000000e0
      </forces>
    <stress rank="2" dims="3 3">
      2.476135258484863e-5 0.000000000000000e0 0.000000000000000e0
      0.000000000000000e0 2.476135258484865e-5 0.000000000000000e0
      0.000000000000000e0 0.000000000000000e0 2.476135258484864e-5
      </stress>
  </step>
  <step>
    <scf_conv>
      <convergence_achieved>true</convergence_achieved>
      <n_scf_steps>11</n_scf_steps>
      <scf_error>2.832749985127088e-11</scf_error>
    </scf_conv>
    <atomic_structure nat="7" alat="1.033299995415e1">
      <atomic_positions>
        <atom name="Si" index="1">4.944733965764774e0 5.129872714157601e0 -9.256937419641552e-2</atom>
        <atom name="Si" index="2">9.256937419641556e-2 -9.256937419641545e-2 -9.256937419641552e-2</atom>
        <atom name="Si" index="3">4.944733965764774e0 -9.256937419641545e-2 5.129872714157605e0</atom>
        <atom name="Si" index="4">9.256937419641563e-2 5.129872714157601e0 5.129872714157605e0</atom>
        <atom name="Si" index="5">7.555955009941776e0 7.555955009941766e0 2.518651669980594e0</atom>
        <atom name="Si" index="6">2.518651669980594e0 2.518651669980591e0 2.518651669980594e0</atom>
        <atom name="Si" index="7">7.555955009941776e0 2.518651669980591e0 7.555955009941776e0</atom>
      </atomic_positions>
      <cell>
        <a1>1.007460667992237e1 0.000000000000000e0 0.000000000000000e0</a1>
        <a2>0.000000000000000e0 1.007460667992236e1 0.000000000000000e0</a2>
        <a3>0.000000000000000e0 0.000000000000000e0 1.007460667992237e1</a3>
      </cell>
    </atomic_structure>
    <total_energy>
      <etot>-2.743733621317505e1</etot>
      <eband>6.022123408999741e-1</eband>
      <ehart>2.210677448075927e0</ehart>
      <vtxc>-1.072816268307951e1</vtxc>
      <etxc>-8.247093459502025e0</etxc>
      <ewald>-2.830994609415865e1</ewald>
    </total_energy>
    <forces rank="2" dims="3 7">
      -9.790368111009141e-4 9.790368111009149e-4 -9.790368111009142e-4
      9.790368111009141e-4 -9.790368111009149e-4 -9.790368111009142e-4
      -9.790368111009141e-4 -9.790368111009149e-4 9.790368111009141e-4
      9.790368111009141e-4 9.790368111009149e-4 9.790368111009142e-4
      0.000000000000000e0 0.000000000000000e0 0.000000000000000e0
      0.000000000000000e0 0.000000000000000e0 0.000000000000000e0
      0.000000000000000e0 0.000000000000000e0 0.000000000000000e0
      </forces>
    <stress rank="2" dims="3 3">
      1.317363819472853e-5 0.000000000000000e0 0.000000000000000e0
      0.000000000000000e0 1.317363819472856e-5 0.000000000000000e0
      0.000000000000000e0 0.000000000000000e0 1.317363819472854e-5
      </stress>
  </step>
  <step>
    <scf_conv>
      <convergence_achieved>true</convergence_achieved>
      <n_scf_steps>8</n_scf_steps>
      <scf_error>1.810610694645738e-10</scf_error>
    </scf_conv>
    <atomic_structure nat="7" alat="1.033299995415e1">
      <atomic_positions>
        <atom name="Si" index="1">4.923797535092531e0 5.144925063121106e0 -1.105637640142901e-1</atom>
        <atom name="Si" index="2">1.105637640142902e-1 -1.105637640142901e-1 -1.105637640142901e-1</atom>
        <atom name="Si" index="3">4.923797535092531e0 -1.105637640142901e-1 5.144925063121111e0</atom>
        <atom name="Si" index="4">1.105637640142903e-1 5.144925063121106e0 5.144925063121111e0</atom>
        <atom name="Si" index="5">7.551541948660221e0 7.551541948660212e0 2.517180649553410e0</atom>
        <atom name="Si" index="6">2.517180649553410e0 2.517180649553406e0 2.517180649553410e0</atom>
        <atom name="Si" index="7">7.551541948660221e0 2.517180649553406e0 7.551541948660221e0</atom>
      </atomic_positions>
      <cell>
        <a1>1.006872259821363e1 0.000000000000000e0 0.000000000000000e0</a1>
        <a2>0.000000000000000e0 1.006872259821362e1 0.000000000000000e0</a2>
        <a3>0.000000000000000e0 0.000000000000000e0 1.006872259821363e1</a3>
      </cell>
    </atomic_structure>
    <total_energy>
      <etot>-2.743743435630541e1</etot>
      <eband>6.346665697313214e-1</eband>
      <ehart>2.153739834082806e0</ehart>
      <vtxc>-1.072043582190086e1</vtxc>
      <etxc>-8.241024446638274e0</etxc>
      <ewald>-2.839775605208572e1</ewald>
    </total_energy>
    <forces rank="2" dims="3 7">
      -5.246254682975576e-5 5.246254682975580e-5 -5.246254682975577e-5
      5.246254682975577e-5 -5.246254682975580e-5 -5.246254682975577e-5
      -5.246254682975577e-5 -5.246254682975581e-5 5.246254682975577e-5
      5.246254682975577e-5 5.246254682975581e-5 5.246254682975577e-5
      0.000000000000000e0 0.000000000000000e0 0.000000000000000e0
      0.000000000000000e0 0.000000000000000e0 0.000000000000000e0
      0.000000000000000e0 0.000000000000000e0 0.000000000000000e0
      </forces>
    <stress rank="2" dims="3 3">
      1.751086960555143e-6 0.000000000000000e0 0.000000000000000e0
      0.000000000000000e0 1.751086960555145e-6 0.000000000000000e0
      0.000000000000000e0 0.000000000000000e0 1.751086960555143e-6
      </stress>
  </step>
  <step>
    <scf_conv>
      <convergence_achieved>true</convergence_achieved>
      <n_scf_steps>10</n_scf_steps>
      <scf_error>9.832259486857565e-12</scf_error>
    </scf_conv>
    <atomic_structure nat="7" alat="1.033299995415e1">
      <atomic_positions>
        <atom name="Si" index="1">4.924216935130276e0 5.145951421571278e0 -1.108672432205033e-1</atom>
        <atom name="Si" index="2">1.108672432205034e-1 -1.108672432205032e-1 -1.108672432205033e-1</atom>
        <atom name="Si" index="3">4.924216935130276e0 -1.108672432205032e-1 5.145951421571281e0</atom>
        <atom name="Si" index="4">1.108672432205034e-1 5.145951421571278e0 5.145951421571281e0</atom>
        <atom name="Si" index="5">7.552626267526159e0 7.552626267526149e0 2.517542089175389e0</atom>
        <atom name="Si" index="6">2.517542089175389e0 2.517542089175385e0 2.517542089175389e0</atom>
        <atom name="Si" index="7">7.552626267526159e0 2.517542089175385e0 7.552626267526159e0</atom>
      </atomic_positions>
      <cell>
        <a1>1.007016835670155e1 0.000000000000000e0 0.000000000000000e0</a1>
        <a2>0.000000000000000e0 1.007016835670154e1 0.000000000000000e0</a2>
        <a3>0.000000000000000e0 0.000000000000000e0 1.007016835670155e1</a3>
      </cell>
    </atomic_structure>
    <total_energy>
      <etot>-2.743743494070465e1</etot>
      <eband>6.317930041743578e-1</eband>
      <ehart>2.153553492162133e0</ehart>
      <vtxc>-1.071926402038613e1</vtxc>
      <etxc>-8.240135140842524e0</etxc>
      <ewald>-2.839479986128753e1</ewald>
    </total_energy>
    <forces rank="2" dims="3 7">
      -4.459382946107738e-6 4.459382946107739e-6 -4.459382946107736e-6
      4.459382946107736e-6 -4.459382946107739e-6 -4.459382946107738e-6
      -4.459382946107736e-6 -4.459382946107739e-6 4.459382946107736e-6
      4.459382946107736e-6 4.459382946107739e-6 4.459382946107735e-6
      0.000000000000000e0 0.000000000000000e0 0.000000000000000e0
      0.000000000000000e0 0.000000000000000e0 0.000000000000000e0
      0.000000000000000e0 0.000000000000000e0 0.000000000000000e0
      </forces>
    <stress rank="2" dims="3 3">
      4.529441264003568e-7 0.000000000000000e0 0.000000000000000e0
      0.000000000000000e0 4.529441264003572e-7 0.000000000000000e0
      0.000000000000000e0 0.000000000000000e0 4.529441264003565e-7
      </stress>
  </step>
  <output>
    <convergence_info>
      <scf_conv>
        <convergence_achieved>true</convergence_achieved>
        <n_scf_steps>14</n_scf_steps>
        <scf_error>9.088457926179577e-13</scf_error>
      </scf_conv>
      <opt_conv>
        <convergence_achieved>true</convergence_achieved>
        <n_opt_steps>8</n_opt_steps>
        <grad_norm>4.478680545053418e-5</grad_norm>
      </opt_conv>
    </convergence_info>
    <algorithmic_info>
      <real_space_q>false</real_space_q>
      <real_space_beta>false</real_space_beta>
      <uspp>false</uspp>
      <paw>false</paw>
    </algorithmic_info>
    <atomic_species ntyp="1" pseudo_dir="./">
      <species name="Si">
        <mass>2.808600000000000e1</mass>
        <pseudo_file>Si.pbe-rrkj.UPF</pseudo_file>
      </species>
    </atomic_species>
    <atomic_structure nat="7" alat="1.033299995415e1">
      <atomic_positions>
        <atom name="Si" index="1">4.924216935130277e0 5.145951421571278e0 -1.108672432205033e-1</atom>
        <atom name="Si" index="2">1.108672432205034e-1 -1.108672432205032e-1 -1.108672432205033e-1</atom>
        <atom name="Si" index="3">4.924216935130277e0 -1.108672432205032e-1 5.145951421571281e0</atom>
        <atom name="Si" index="4">1.108672432205034e-1 5.145951421571278e0 5.145951421571281e0</atom>
        <atom name="Si" index="5">7.552626267526159e0 7.552626267526150e0 2.517542089175389e0</atom>
        <atom name="Si" index="6">2.517542089175389e0 2.517542089175385e0 2.517542089175389e0</atom>
        <atom name="Si" index="7">7.552626267526159e0 2.517542089175385e0 7.552626267526159e0</atom>
      </atomic_positions>
      <cell>
        <a1>1.007016835670155e1 0.000000000000000e0 0.000000000000000e0</a1>
        <a2>0.000000000000000e0 1.007016835670154e1 0.000000000000000e0</a2>
        <a3>0.000000000000000e0 0.000000000000000e0 1.007016835670155e1</a3>
      </cell>
    </atomic_structure>
    <symmetries>
      <nsym>24</nsym>
      <nrot>48</nrot>
      <space_group>0</space_group>
      <symmetry>
        <info name="identity">crystal_symmetry</info>
        <rotation rank="2" dims="3 3">
          1.000000000000000e0 0.000000000000000e0 0.000000000000000e0
          0.000000000000000e0 1.000000000000000e0 0.000000000000000e0
          0.000000000000000e0 0.000000000000000e0 1.000000000000000e0
          </rotation>
        <fractional_translation>0.000000000000000e0 0.000000000000000e0 0.000000000000000e0</fractional_translation>
        <equivalent_atoms size="7" nat="7">
          1 2 3 4 5 6 7
          </equivalent_atoms>
      </symmetry>
      <symmetry>
        <info name="180 deg rotation - cart. axis [0,0,1]">crystal_symmetry</info>
        <rotation rank="2" dims="3 3">
          -1.000000000000000e0 0.000000000000000e0 0.000000000000000e0
          0.000000000000000e0 -1.000000000000000e0 0.000000000000000e0
          0.000000000000000e0 0.000000000000000e0 1.000000000000000e0
          </rotation>
        <fractional_translation>4.999999999999999e-1 4.999999999999999e-1 0.000000000000000e0</fractional_translation>
        <equivalent_atoms size="7" nat="7">
          2 1 4 3 5 6 7
          </equivalent_atoms>
      </symmetry>
      <symmetry>
        <info name="180 deg rotation - cart. axis [0,1,0]">crystal_symmetry</info>
        <rotation rank="2" dims="3 3">
          -1.000000000000000e0 0.000000000000000e0 0.000000000000000e0
          0.000000000000000e0 1.000000000000000e0 0.000000000000000e0
          0.000000000000000e0 0.000000000000000e0 -1.000000000000000e0
          </rotation>
        <fractional_translation>4.999999999999999e-1 0.000000000000000e0 4.999999999999999e-1</fractional_translation>
        <equivalent_atoms size="7" nat="7">
          4 3 2 1 5 6 7
          </equivalent_atoms>
      </symmetry>
      <symmetry>
        <info name="180 deg rotation - cart. axis [1,0,0]">crystal_symmetry</info>
        <rotation rank="2" dims="3 3">
          1.000000000000000e0 0.000000000000000e0 0.000000000000000e0
          0.000000000000000e0 -1.000000000000000e0 0.000000000000000e0
          0.000000000000000e0 0.000000000000000e0 -1.000000000000000e0
          </rotation>
        <fractional_translation>0.000000000000000e0 4.999999999999999e-1 4.999999999999999e-1</fractional_translation>
        <equivalent_atoms size="7" nat="7">
          3 4 1 2 5 6 7
          </equivalent_atoms>
      </symmetry>
      <symmetry>
        <info name="120 deg rotation - cart. axis [-1,-1,-1]">crystal_symmetry</info>
        <rotation rank="2" dims="3 3">
          0.000000000000000e0 1.000000000000000e0 0.000000000000000e0
          0.000000000000000e0 0.000000000000000e0 1.000000000000000e0
          1.000000000000000e0 0.000000000000000e0 0.000000000000000e0
          </rotation>
        <fractional_translation>4.999999999999999e-1 0.000000000000000e0 -4.999999999999999e-1</fractional_translation>
        <equivalent_atoms size="7" nat="7">
          2 3 1 4 6 7 5
          </equivalent_atoms>
      </symmetry>
      <symmetry>
        <info name="120 deg rotation - cart. axis [-1,1,1]">crystal_symmetry</info>
        <rotation rank="2" dims="3 3">
          0.000000000000000e0 -1.000000000000000e0 0.000000000000000e0
          0.000000000000000e0 0.000000000000000e0 1.000000000000000e0
          -1.000000000000000e0 0.000000000000000e0 0.000000000000000e0
          </rotation>
        <fractional_translation>0.000000000000000e0 0.000000000000000e0 0.000000000000000e0</fractional_translation>
        <equivalent_atoms size="7" nat="7">
          3 2 4 1 6 7 5
          </equivalent_atoms>
      </symmetry>
      <symmetry>
        <info name="120 deg rotation - cart. axis [1,1,-1]">crystal_symmetry</info>
        <rotation rank="2" dims="3 3">
          0.000000000000000e0 1.000000000000000e0 0.000000000000000e0
          0.000000000000000e0 0.000000000000000e0 -1.000000000000000e0
          -1.000000000000000e0 0.000000000000000e0 0.000000000000000e0
          </rotation>
        <fractional_translation>4.999999999999999e-1 4.999999999999999e-1 0.000000000000000e0</fractional_translation>
        <equivalent_atoms size="7" nat="7">
          4 1 3 2 6 7 5
          </equivalent_atoms>
      </symmetry>
      <symmetry>
        <info name="120 deg rotation - cart. axis [1,-1,1]">crystal_symmetry</info>
        <rotation rank="2" dims="3 3">
          0.000000000000000e0 -1.000000000000000e0 0.000000000000000e0
          0.000000000000000e0 0.000000000000000e0 -1.000000000000000e0
          1.000000000000000e0 0.000000000000000e0 0.000000000000000e0
          </rotation>
        <fractional_translation>-2.220446049250313e-16 4.999999999999999e-1 -4.999999999999999e-1</fractional_translation>
        <equivalent_atoms size="7" nat="7">
          1 4 2 3 6 7 5
          </equivalent_atoms>
      </symmetry>
      <symmetry>
        <info name="120 deg rotation - cart. axis [1,1,1]">crystal_symmetry</info>
        <rotation rank="2" dims="3 3">
          0.000000000000000e0 0.000000000000000e0 1.000000000000000e0
          1.000000000000000e0 0.000000000000000e0 0.000000000000000e0
          0.000000000000000e0 1.000000000000000e0 0.000000000000000e0
          </rotation>
        <fractional_translation>4.999999999999999e-1 4.999999999999999e-1 0.000000000000000e0</fractional_translation>
        <equivalent_atoms size="7" nat="7">
          3 1 2 4 7 5 6
          </equivalent_atoms>
      </symmetry>
      <symmetry>
        <info name="120 deg rotation - cart. axis [-1,1,-1]">crystal_symmetry</info>
        <rotation rank="2" dims="3 3">
          0.000000000000000e0 0.000000000000000e0 1.000000000000000e0
          -1.000000000000000e0 0.000000000000000e0 0.000000000000000e0
          0.000000000000000e0 -1.000000000000000e0 0.000000000000000e0
          </rotation>
        <fractional_translation>4.999999999999999e-1 -2.220446049250313e-16 4.999999999999999e-1</fractional_translation>
        <equivalent_atoms size="7" nat="7">
          1 3 4 2 7 5 6
          </equivalent_atoms>
      </symmetry>
      <symmetry>
        <info name="120 deg rotation - cart. axis [1,-1,-1]">crystal_symmetry</info>
        <rotation rank="2" dims="3 3">
          0.000000000000000e0 0.000000000000000e0 -1.000000000000000e0
          -1.000000000000000e0 0.000000000000000e0 0.000000000000000e0
          0.000000000000000e0 1.000000000000000e0 0.000000000000000e0
          </rotation>
        <fractional_translation>0.000000000000000e0 0.000000000000000e0 0.000000000000000e0</fractional_translation>
        <equivalent_atoms size="7" nat="7">
          4 2 1 3 7 5 6
          </equivalent_atoms>
      </symmetry>
      <symmetry>
        <info name="120 deg rotation - cart. axis [-1,-1,1]">crystal_symmetry</info>
        <rotation rank="2" dims="3 3">
          0.000000000000000e0 0.000000000000000e0 -1.000000000000000e0
          1.000000000000000e0 0.000000000000000e0 0.000000000000000e0
          0.000000000000000e0 -1.000000000000000e0 0.000000000000000e0
          </rotation>
        <fractional_translation>-2.220446049250313e-16 4.999999999999999e-1 4.999999999999999e-1</fractional_translation>
        <equivalent_atoms size="7" nat="7">
          2 4 3 1 7 5 6
          </equivalent_atoms>
      </symmetry>
      <symmetry>
        <info name="inv. 180 deg rotation - cart. axis [1,1,0]">crystal_symmetry</info>
        <rotation rank="2" dims="3 3">
          0.000000000000000e0 -1.000000000000000e0 0.000000000000000e0
          -1.000000000000000e0 0.000000000000000e0 0.000000000000000e0
          0.000000000000000e0 0.000000000000000e0 1.000000000000000e0
          </rotation>
        <fractional_translation>0.000000000000000e0 0.000000000000000e0 0.000000000000000e0</fractional_translation>
        <equivalent_atoms size="7" nat="7">
          1 2 4 3 6 5 7
          </equivalent_atoms>
      </symmetry>
      <symmetry>
        <info name="inv. 180 deg rotation - cart. axis [1,-1,0]">crystal_symmetry</info>
        <rotation rank="2" dims="3 3">
          0.000000000000000e0 1.000000000000000e0 0.000000000000000e0
          1.000000000000000e0 0.000000000000000e0 0.000000000000000e0
          0.000000000000000e0 0.000000000000000e0 1.000000000000000e0
          </rotation>
        <fractional_translation>4.999999999999999e-1 4.999999999999999e-1 0.000000000000000e0</fractional_translation>
        <equivalent_atoms size="7" nat="7">
          2 1 3 4 6 5 7
          </equivalent_atoms>
      </symmetry>
      <symmetry>
        <info name="inv.  90 deg rotation - cart. axis [0,0,-1]">crystal_symmetry</info>
        <rotation rank="2" dims="3 3">
          0.000000000000000e0 -1.000000000000000e0 0.000000000000000e0
          1.000000000000000e0 0.000000000000000e0 0.000000000000000e0
          0.000000000000000e0 0.000000000000000e0 -1.000000000000000e0
          </rotation>
        <fractional_translation>-2.220446049250313e-16 4.999999999999999e-1 4.999999999999999e-1</fractional_translation>
        <equivalent_atoms size="7" nat="7">
          3 4 2 1 6 5 7
          </equivalent_atoms>
      </symmetry>
      <symmetry>
        <info name="inv.  90 deg rotation - cart. axis [0,0,1]">crystal_symmetry</info>
        <rotation rank="2" dims="3 3">
          0.000000000000000e0 1.000000000000000e0 0.000000000000000e0
          -1.000000000000000e0 0.000000000000000e0 0.000000000000000e0
          0.000000000000000e0 0.000000000000000e0 -1.000000000000000e0
          </rotation>
        <fractional_translation>4.999999999999999e-1 -2.220446049250313e-16 4.999999999999999e-1</fractional_translation>
        <equivalent_atoms size="7" nat="7">
          4 3 1 2 6 5 7
          </equivalent_atoms>
      </symmetry>
      <symmetry>
        <info name="inv. 180 deg rotation - cart. axis [1,0,1]">crystal_symmetry</info>
        <rotation rank="2" dims="3 3">
          0.000000000000000e0 0.000000000000000e0 -1.000000000000000e0
          0.000000000000000e0 1.000000000000000e0 0.000000000000000e0
          -1.000000000000000e0 0.000000000000000e0 0.000000000000000e0
          </rotation>
        <fractional_translation>0.000000000000000e0 0.000000000000000e0 0.000000000000000e0</fractional_translation>
        <equivalent_atoms size="7" nat="7">
          4 2 3 1 5 7 6
          </equivalent_atoms>
      </symmetry>
      <symmetry>
        <info name="inv. 180 deg rotation - cart. axis [-1,0,1]">crystal_symmetry</info>
        <rotation rank="2" dims="3 3">
          0.000000000000000e0 0.000000000000000e0 1.000000000000000e0
          0.000000000000000e0 1.000000000000000e0 0.000000000000000e0
          1.000000000000000e0 0.000000000000000e0 0.000000000000000e0
          </rotation>
        <fractional_translation>4.999999999999999e-1 0.000000000000000e0 -4.999999999999999e-1</fractional_translation>
        <equivalent_atoms size="7" nat="7">
          1 3 2 4 5 7 6
          </equivalent_atoms>
      </symmetry>
      <symmetry>
        <info name="inv.  90 deg rotation - cart. axis [0,1,0]">crystal_symmetry</info>
        <rotation rank="2" dims="3 3">
          0.000000000000000e0 0.000000000000000e0 -1.000000000000000e0
          0.000000000000000e0 -1.000000000000000e0 0.000000000000000e0
          1.000000000000000e0 0.000000000000000e0 0.000000000000000e0
          </rotation>
        <fractional_translation>-2.220446049250313e-16 4.999999999999999e-1 -4.999999999999999e-1</fractional_translation>
        <equivalent_atoms size="7" nat="7">
          2 4 1 3 5 7 6
          </equivalent_atoms>
      </symmetry>
      <symmetry>
        <info name="inv.  90 deg rotation - cart. axis [0,-1,0]">crystal_symmetry</info>
        <rotation rank="2" dims="3 3">
          0.000000000000000e0 0.000000000000000e0 1.000000000000000e0
          0.000000000000000e0 -1.000000000000000e0 0.000000000000000e0
          -1.000000000000000e0 0.000000000000000e0 0.000000000000000e0
          </rotation>
        <fractional_translation>4.999999999999999e-1 4.999999999999999e-1 0.000000000000000e0</fractional_translation>
        <equivalent_atoms size="7" nat="7">
          3 1 4 2 5 7 6
          </equivalent_atoms>
      </symmetry>
      <symmetry>
        <info name="inv. 180 deg rotation - cart. axis [0,1,1]">crystal_symmetry</info>
        <rotation rank="2" dims="3 3">
          1.000000000000000e0 0.000000000000000e0 0.000000000000000e0
          0.000000000000000e0 0.000000000000000e0 -1.000000000000000e0
          0.000000000000000e0 -1.000000000000000e0 0.000000000000000e0
          </rotation>
        <fractional_translation>0.000000000000000e0 4.999999999999999e-1 4.999999999999999e-1</fractional_translation>
        <equivalent_atoms size="7" nat="7">
          1 4 3 2 7 6 5
          </equivalent_atoms>
      </symmetry>
      <symmetry>
        <info name="inv. 180 deg rotation - cart. axis [0,1,-1]">crystal_symmetry</info>
        <rotation rank="2" dims="3 3">
          1.000000000000000e0 0.000000000000000e0 0.000000000000000e0
          0.000000000000000e0 0.000000000000000e0 1.000000000000000e0
          0.000000000000000e0 1.000000000000000e0 0.000000000000000e0
          </rotation>
        <fractional_translation>0.000000000000000e0 0.000000000000000e0 0.000000000000000e0</fractional_translation>
        <equivalent_atoms size="7" nat="7">
          3 2 1 4 7 6 5
          </equivalent_atoms>
      </symmetry>
      <symmetry>
        <info name="inv.  90 deg rotation - cart. axis [-1,0,0]">crystal_symmetry</info>
        <rotation rank="2" dims="3 3">
          -1.000000000000000e0 0.000000000000000e0 0.000000000000000e0
          0.000000000000000e0 0.000000000000000e0 -1.000000000000000e0
          0.000000000000000e0 1.000000000000000e0 0.000000000000000e0
          </rotation>
        <fractional_translation>4.999999999999999e-1 4.999999999999999e-1 0.000000000000000e0</fractional_translation>
        <equivalent_atoms size="7" nat="7">
          4 1 2 3 7 6 5
          </equivalent_atoms>
      </symmetry>
      <symmetry>
        <info name="inv.  90 deg rotation - cart. axis [1,0,0]">crystal_symmetry</info>
        <rotation rank="2" dims="3 3">
          -1.000000000000000e0 0.000000000000000e0 0.000000000000000e0
          0.000000000000000e0 0.000000000000000e0 1.000000000000000e0
          0.000000000000000e0 -1.000000000000000e0 0.000000000000000e0
          </rotation>
        <fractional_translation>4.999999999999999e-1 0.000000000000000e0 4.999999999999999e-1</fractional_translation>
        <equivalent_atoms size="7" nat="7">
          2 3 4 1 7 6 5
          </equivalent_atoms>
      </symmetry>
      <symmetry>
        <info name="inversion">lattice_symmetry</info>
        <rotation rank="2" dims="3 3">
          -1.000000000000000e0 0.000000000000000e0 0.000000000000000e0
          0.000000000000000e0 -1.000000000000000e0 0.000000000000000e0
          0.000000000000000e0 0.000000000000000e0 -1.000000000000000e0
          </rotation>
      </symmetry>
      <symmetry>
        <info name="inv. 180 deg rotation - cart. axis [0,0,1]">lattice_symmetry</info>
        <rotation rank="2" dims="3 3">
          1.000000000000000e0 0.000000000000000e0 0.000000000000000e0
          0.000000000000000e0 1.000000000000000e0 0.000000000000000e0
          0.000000000000000e0 0.000000000000000e0 -1.000000000000000e0
          </rotation>
      </symmetry>
      <symmetry>
        <info name="inv. 180 deg rotation - cart. axis [0,1,0]">lattice_symmetry</info>
        <rotation rank="2" dims="3 3">
          1.000000000000000e0 0.000000000000000e0 0.000000000000000e0
          0.000000000000000e0 -1.000000000000000e0 0.000000000000000e0
          0.000000000000000e0 0.000000000000000e0 1.000000000000000e0
          </rotation>
      </symmetry>
      <symmetry>
        <info name="inv. 180 deg rotation - cart. axis [1,0,0]">lattice_symmetry</info>
        <rotation rank="2" dims="3 3">
          -1.000000000000000e0 0.000000000000000e0 0.000000000000000e0
          0.000000000000000e0 1.000000000000000e0 0.000000000000000e0
          0.000000000000000e0 0.000000000000000e0 1.000000000000000e0
          </rotation>
      </symmetry>
      <symmetry>
        <info name="180 deg rotation - cart. axis [0,1,1]">lattice_symmetry</info>
        <rotation rank="2" dims="3 3">
          -1.000000000000000e0 0.000000000000000e0 0.000000000000000e0
          0.000000000000000e0 0.000000000000000e0 1.000000000000000e0
          0.000000000000000e0 1.000000000000000e0 0.000000000000000e0
          </rotation>
      </symmetry>
      <symmetry>
        <info name="180 deg rotation - cart. axis [0,1,-1]">lattice_symmetry</info>
        <rotation rank="2" dims="3 3">
          -1.000000000000000e0 0.000000000000000e0 0.000000000000000e0
          0.000000000000000e0 0.000000000000000e0 -1.000000000000000e0
          0.000000000000000e0 -1.000000000000000e0 0.000000000000000e0
          </rotation>
      </symmetry>
      <symmetry>
        <info name=" 90 deg rotation - cart. axis [-1,0,0]">lattice_symmetry</info>
        <rotation rank="2" dims="3 3">
          1.000000000000000e0 0.000000000000000e0 0.000000000000000e0
          0.000000000000000e0 0.000000000000000e0 1.000000000000000e0
          0.000000000000000e0 -1.000000000000000e0 0.000000000000000e0
          </rotation>
      </symmetry>
      <symmetry>
        <info name=" 90 deg rotation - cart. axis [1,0,0]">lattice_symmetry</info>
        <rotation rank="2" dims="3 3">
          1.000000000000000e0 0.000000000000000e0 0.000000000000000e0
          0.000000000000000e0 0.000000000000000e0 -1.000000000000000e0
          0.000000000000000e0 1.000000000000000e0 0.000000000000000e0
          </rotation>
      </symmetry>
      <symmetry>
        <info name="180 deg rotation - cart. axis [1,1,0]">lattice_symmetry</info>
        <rotation rank="2" dims="3 3">
          0.000000000000000e0 1.000000000000000e0 0.000000000000000e0
          1.000000000000000e0 0.000000000000000e0 0.000000000000000e0
          0.000000000000000e0 0.000000000000000e0 -1.000000000000000e0
          </rotation>
      </symmetry>
      <symmetry>
        <info name="180 deg rotation - cart. axis [1,-1,0]">lattice_symmetry</info>
        <rotation rank="2" dims="3 3">
          0.000000000000000e0 -1.000000000000000e0 0.000000000000000e0
          -1.000000000000000e0 0.000000000000000e0 0.000000000000000e0
          0.000000000000000e0 0.000000000000000e0 -1.000000000000000e0
          </rotation>
      </symmetry>
      <symmetry>
        <info name=" 90 deg rotation - cart. axis [0,0,-1]">lattice_symmetry</info>
        <rotation rank="2" dims="3 3">
          0.000000000000000e0 1.000000000000000e0 0.000000000000000e0
          -1.000000000000000e0 0.000000000000000e0 0.000000000000000e0
          0.000000000000000e0 0.000000000000000e0 1.000000000000000e0
          </rotation>
      </symmetry>
      <symmetry>
        <info name=" 90 deg rotation - cart. axis [0,0,1]">lattice_symmetry</info>
        <rotation rank="2" dims="3 3">
          0.000000000000000e0 -1.000000000000000e0 0.000000000000000e0
          1.000000000000000e0 0.000000000000000e0 0.000000000000000e0
          0.000000000000000e0 0.000000000000000e0 1.000000000000000e0
          </rotation>
      </symmetry>
      <symmetry>
        <info name="180 deg rotation - cart. axis [1,0,1]">lattice_symmetry</info>
        <rotation rank="2" dims="3 3">
          0.000000000000000e0 0.000000000000000e0 1.000000000000000e0
          0.000000000000000e0 -1.000000000000000e0 0.000000000000000e0
          1.000000000000000e0 0.000000000000000e0 0.000000000000000e0
          </rotation>
      </symmetry>
      <symmetry>
        <info name="180 deg rotation - cart. axis [-1,0,1]">lattice_symmetry</info>
        <rotation rank="2" dims="3 3">
          0.000000000000000e0 0.000000000000000e0 -1.000000000000000e0
          0.000000000000000e0 -1.000000000000000e0 0.000000000000000e0
          -1.000000000000000e0 0.000000000000000e0 0.000000000000000e0
          </rotation>
      </symmetry>
      <symmetry>
        <info name=" 90 deg rotation - cart. axis [0,1,0]">lattice_symmetry</info>
        <rotation rank="2" dims="3 3">
          0.000000000000000e0 0.000000000000000e0 1.000000000000000e0
          0.000000000000000e0 1.000000000000000e0 0.000000000000000e0
          -1.000000000000000e0 0.000000000000000e0 0.000000000000000e0
          </rotation>
      </symmetry>
      <symmetry>
        <info name=" 90 deg rotation - cart. axis [0,-1,0]">lattice_symmetry</info>
        <rotation rank="2" dims="3 3">
          0.000000000000000e0 0.000000000000000e0 -1.000000000000000e0
          0.000000000000000e0 1.000000000000000e0 0.000000000000000e0
          1.000000000000000e0 0.000000000000000e0 0.000000000000000e0
          </rotation>
      </symmetry>
      <symmetry>
        <info name="inv. 120 deg rotation - cart. axis [-1,-1,-1]">lattice_symmetry</info>
        <rotation rank="2" dims="3 3">
          0.000000000000000e0 -1.000000000000000e0 0.000000000000000e0
          0.000000000000000e0 0.000000000000000e0 -1.000000000000000e0
          -1.000000000000000e0 0.000000000000000e0 0.000000000000000e0
          </rotation>
      </symmetry>
      <symmetry>
        <info name="inv. 120 deg rotation - cart. axis [-1,1,1]">lattice_symmetry</info>
        <rotation rank="2" dims="3 3">
          0.000000000000000e0 1.000000000000000e0 0.000000000000000e0
          0.000000000000000e0 0.000000000000000e0 -1.000000000000000e0
          1.000000000000000e0 0.000000000000000e0 0.000000000000000e0
          </rotation>
      </symmetry>
      <symmetry>
        <info name="inv. 120 deg rotation - cart. axis [1,1,-1]">lattice_symmetry</info>
        <rotation rank="2" dims="3 3">
          0.000000000000000e0 -1.000000000000000e0 0.000000000000000e0
          0.000000000000000e0 0.000000000000000e0 1.000000000000000e0
          1.000000000000000e0 0.000000000000000e0 0.000000000000000e0
          </rotation>
      </symmetry>
      <symmetry>
        <info name="inv. 120 deg rotation - cart. axis [1,-1,1]">lattice_symmetry</info>
        <rotation rank="2" dims="3 3">
          0.000000000000000e0 1.000000000000000e0 0.000000000000000e0
          0.000000000000000e0 0.000000000000000e0 1.000000000000000e0
          -1.000000000000000e0 0.000000000000000e0 0.000000000000000e0
          </rotation>
      </symmetry>
      <symmetry>
        <info name="inv. 120 deg rotation - cart. axis [1,1,1]">lattice_symmetry</info>
        <rotation rank="2" dims="3 3">
          0.000000000000000e0 0.000000000000000e0 -1.000000000000000e0
          -1.000000000000000e0 0.000000000000000e0 0.000000000000000e0
          0.000000000000000e0 -1.000000000000000e0 0.000000000000000e0
          </rotation>
      </symmetry>
      <symmetry>
        <info name="inv. 120 deg rotation - cart. axis [-1,1,-1]">lattice_symmetry</info>
        <rotation rank="2" dims="3 3">
          0.000000000000000e0 0.000000000000000e0 -1.000000000000000e0
          1.000000000000000e0 0.000000000000000e0 0.000000000000000e0
          0.000000000000000e0 1.000000000000000e0 0.000000000000000e0
          </rotation>
      </symmetry>
      <symmetry>
        <info name="inv. 120 deg rotation - cart. axis [1,-1,-1]">lattice_symmetry</info>
        <rotation rank="2" dims="3 3">
          0.000000000000000e0 0.000000000000000e0 1.000000000000000e0
          1.000000000000000e0 0.000000000000000e0 0.000000000000000e0
          0.000000000000000e0 -1.000000000000000e0 0.000000000000000e0
          </rotation>
      </symmetry>
      <symmetry>
        <info name="inv. 120 deg rotation - cart. axis [-1,-1,1]">lattice_symmetry</info>
        <rotation rank="2" dims="3 3">
          0.000000000000000e0 0.000000000000000e0 1.000000000000000e0
          -1.000000000000000e0 0.000000000000000e0 0.000000000000000e0
          0.000000000000000e0 1.000000000000000e0 0.000000000000000e0
          </rotation>
      </symmetry>
    </symmetries>
    <basis_set>
      <gamma_only>false</gamma_only>
      <ecutwfc>1.500000000000000e1</ecutwfc>
      <ecutrho>6.000000000000000e1</ecutrho>
      <fft_grid nr1="36" nr2="36" nr3="36"></fft_grid>
      <fft_smooth nr1="36" nr2="36" nr3="36"></fft_smooth>
      <fft_box nr1="36" nr2="36" nr3="36"></fft_box>
      <ngm>22743</ngm>
      <ngms>22743</ngms>
      <npwx>2860</npwx>
      <reciprocal_lattice>
        <b1>1.026100020192559e0 0.000000000000000e0 0.000000000000000e0</b1>
        <b2>0.000000000000000e0 1.026100020192560e0 0.000000000000000e0</b2>
        <b3>0.000000000000000e0 0.000000000000000e0 1.026100020192559e0</b3>
      </reciprocal_lattice>
    </basis_set>
    <dft>
      <functional>PBE</functional>
    </dft>
    <magnetization>
      <lsda>false</lsda>
      <noncolin>false</noncolin>
      <spinorbit>false</spinorbit>
      <absolute>0.000000000000000e0</absolute>
    </magnetization>
    <total_energy>
      <etot>-2.743740231510042e1</etot>
      <eband>6.318199725093820e-1</eband>
      <ehart>2.153551517710940e0</ehart>
      <vtxc>-1.071929371301736e1</vtxc>
      <etxc>-8.240165678742132e0</etxc>
      <ewald>-2.839479986382946e1</ewald>
    </total_energy>
    <band_structure>
      <lsda>false</lsda>
      <noncolin>false</noncolin>
      <spinorbit>false</spinorbit>
      <nbnd>14</nbnd>
      <nelec>2.800000000000000e1</nelec>
      <num_of_atomic_wfc>28</num_of_atomic_wfc>
      <wf_collected>true</wf_collected>
      <fermi_energy>2.312222111951606e-1</fermi_energy>
      <highestOccupiedLevel>2.312222111951606e-1</highestOccupiedLevel>
      <starting_k_points>
        <monkhorst_pack nk1="6" nk2="6" nk3="6" k1="1" k2="1" k3="1">Uniform grid with offset</monkhorst_pack>
      </starting_k_points>
      <nks>10</nks>
      <occupations_kind>fixed</occupations_kind>
      <ks_energies>
        <k_point weight="7.407407407407e-2">8.550833501604657e-2 8.550833501604661e-2 8.550833501604657e-2</k_point>
        <npw>2848</npw>
        <eigenvalues size="14">
          -2.226068991558609e-1 -1.012106808664605e-1 -1.012106808664535e-1 -7.357437328182125e-2 -4.999741979968731e-2
          -4.999741979967770e-2 7.272346239410904e-2 8.783162966877114e-2 8.783162966878646e-2 9.941022844967950e-2
          1.297526009413807e-1 1.452527391236818e-1 1.452527391237915e-1 2.273299582603726e-1
          </eigenvalues>
        <occupations size="14">
          1.000000000000000e0 1.000000000000000e0 1.000000000000000e0 1.000000000000000e0 1.000000000000000e0
          1.000000000000000e0 1.000000000000000e0 1.000000000000000e0 1.000000000000000e0 1.000000000000000e0
          1.000000000000000e0 1.000000000000000e0 1.000000000000000e0 1.000000000000000e0
          </occupations>
      </ks_energies>
      <ks_energies>
        <k_point weight="2.222222222222e-1">8.550833501604657e-2 8.550833501604661e-2 2.565250050481396e-1</k_point>
        <npw>2824</npw>
        <eigenvalues size="14">
          -2.140702118749342e-1 -1.352083798424602e-1 -9.773620720247132e-2 -7.225575875116973e-2 -4.931236953432524e-2
          -1.613803040057882e-2 6.816023541850611e-2 7.660383386676472e-2 8.750908047689908e-2 9.716535479443589e-2
          1.172832376038889e-1 1.371293597184216e-1 1.414958584285533e-1 1.959772636369051e-1
          </eigenvalues>
        <occupations size="14">
          1.000000000000000e0 1.000000000000000e0 1.000000000000000e0 1.000000000000000e0 1.000000000000000e0
          1.000000000000000e0 1.000000000000000e0 1.000000000000000e0 1.000000000000000e0 1.000000000000000e0
          1.000000000000000e0 1.000000000000000e0 1.000000000000000e0 1.000000000000000e0
          </occupations>
      </ks_energies>
      <ks_energies>
        <k_point weight="2.222222222222e-1">8.550833501604657e-2 8.550833501604661e-2 4.275416750802328e-1</k_point>
        <npw>2836</npw>
        <eigenvalues size="14">
          -1.986768790633992e-1 -1.653765530790397e-1 -9.373324430931618e-2 -6.909504782880066e-2 -4.915386946215183e-2
          6.654658952172393e-3 5.550318960689862e-2 6.772286019316337e-2 8.924050250714545e-2 9.156576247399741e-2
          1.181300782760240e-1 1.393494438327280e-1 1.421482462295473e-1 1.698627486286712e-1
          </eigenvalues>
        <occupations size="14">
          1.000000000000000e0 1.000000000000000e0 1.000000000000000e0 1.000000000000000e0 1.000000000000000e0
          1.000000000000000e0 1.000000000000000e0 1.000000000000000e0 1.000000000000000e0 1.000000000000000e0
          1.000000000000000e0 1.000000000000000e0 1.000000000000000e0 1.000000000000000e0
          </occupations>
      </ks_energies>
      <ks_energies>
        <k_point weight="2.222222222222e-1">8.550833501604657e-2 2.565250050481398e-1 2.565250050481396e-1</k_point>
        <npw>2831</npw>
        <eigenvalues size="14">
          -2.056926259136289e-1 -1.371483024692086e-1 -1.204480991118643e-1 -7.617861712072096e-2 -3.326198033823148e-2
          -5.505743690144436e-3 5.320826160739679e-2 7.247729474757676e-2 8.319304124774240e-2 1.077504446083743e-1
          1.124452214295273e-1 1.409450108479595e-1 1.480753322359252e-1 1.676260982835855e-1
          </eigenvalues>
        <occupations size="14">
          1.000000000000000e0 1.000000000000000e0 1.000000000000000e0 1.000000000000000e0 1.000000000000000e0
          1.000000000000000e0 1.000000000000000e0 1.000000000000000e0 1.000000000000000e0 1.000000000000000e0
          1.000000000000000e0 1.000000000000000e0 1.000000000000000e0 1.000000000000000e0
          </occupations>
      </ks_energies>
      <ks_energies>
        <k_point weight="4.444444444444e-1">8.550833501604657e-2 2.565250050481398e-1 4.275416750802328e-1</k_point>
        <npw>2829</npw>
        <eigenvalues size="14">
          -1.905062754878198e-1 -1.600879512847251e-1 -1.199280891918790e-1 -7.985699846326346e-2 -2.847256988657187e-2
          4.877018819589240e-3 4.887282047149061e-2 6.079613734363654e-2 8.590858039797492e-2 1.090744105358081e-1
          1.183761136053439e-1 1.331635669192415e-1 1.433780397844999e-1 1.651167947915787e-1
          </eigenvalues>
        <occupations size="14">
          1.000000000000000e0 1.000000000000000e0 1.000000000000000e0 1.000000000000000e0 1.000000000000000e0
          1.000000000000000e0 1.000000000000000e0 1.000000000000000e0 1.000000000000000e0 1.000000000000000e0
          1.000000000000000e0 1.000000000000000e0 1.000000000000000e0 1.000000000000000e0
          </occupations>
      </ks_energies>
      <ks_energies>
        <k_point weight="2.222222222222e-1">8.550833501604657e-2 4.275416750802331e-1 4.275416750802328e-1</k_point>
        <npw>2830</npw>
        <eigenvalues size="14">
          -1.753200074513884e-1 -1.558897630513186e-1 -1.437035940581859e-1 -9.251030451165660e-2 -8.691921775196207e-3
          7.126478955147491e-3 2.907559619176366e-2 6.670303431065977e-2 8.435131569760451e-2 9.197844551999948e-2
          1.155239687630873e-1 1.463679967926574e-1 1.576924413464782e-1 1.601181539637044e-1
          </eigenvalues>
        <occupations size="14">
          1.000000000000000e0 1.000000000000000e0 1.000000000000000e0 1.000000000000000e0 1.000000000000000e0
          1.000000000000000e0 1.000000000000000e0 1.000000000000000e0 1.000000000000000e0 1.000000000000000e0
          1.000000000000000e0 1.000000000000000e0 1.000000000000000e0 1.000000000000000e0
          </occupations>
      </ks_energies>
      <ks_energies>
        <k_point weight="7.407407407407e-2">2.565250050481396e-1 2.565250050481398e-1 2.565250050481396e-1</k_point>
        <npw>2812</npw>
        <eigenvalues size="14">
          -1.975669691035334e-1 -1.331740095319434e-1 -1.331740095319416e-1 -8.597333711625808e-2 -1.904765712055564e-2
          -1.904765712055235e-2 3.948366674068255e-2 7.805335939337777e-2 7.805335939339873e-2 1.112496147643812e-1
          1.213050282191777e-1 1.540060620209540e-1 1.540060620211172e-1 1.592643649666103e-1
          </eigenvalues>
        <occupations size="14">
          1.000000000000000e0 1.000000000000000e0 1.000000000000000e0 1.000000000000000e0 1.000000000000000e0
          1.000000000000000e0 1.000000000000000e0 1.000000000000000e0 1.000000000000000e0 1.000000000000000e0
          1.000000000000000e0 1.000000000000000e0 1.000000000000000e0 1.000000000000000e0
          </occupations>
      </ks_energies>
      <ks_energies>
        <k_point weight="2.222222222222e-1">2.565250050481396e-1 2.565250050481398e-1 4.275416750802328e-1</k_point>
        <npw>2838</npw>
        <eigenvalues size="14">
          -1.828476561067327e-1 -1.553559301658193e-1 -1.285277742746837e-1 -8.564866528144757e-2 -3.215442464033855e-2
          -1.212166587782304e-2 2.394553712786926e-2 7.950968089014046e-2 9.390146301738522e-2 1.056193297800495e-1
          1.277110606396587e-1 1.440509467063546e-1 1.529633338965185e-1 1.847549664473129e-1
          </eigenvalues>
        <occupations size="14">
          1.000000000000000e0 1.000000000000000e0 1.000000000000000e0 1.000000000000000e0 1.000000000000000e0
          1.000000000000000e0 1.000000000000000e0 1.000000000000000e0 1.000000000000000e0 1.000000000000000e0
          1.000000000000000e0 1.000000000000000e0 1.000000000000000e0 1.000000000000000e0
          </occupations>
      </ks_energies>
      <ks_energies>
        <k_point weight="2.222222222222e-1">2.565250050481396e-1 4.275416750802331e-1 4.275416750802328e-1</k_point>
        <npw>2835</npw>
        <eigenvalues size="14">
          -1.689050307949110e-1 -1.518015621207977e-1 -1.431660528423781e-1 -9.145935717211664e-2 -2.967533082659090e-2
          -1.905954391206994e-2 -2.430921482808591e-3 7.404959164589236e-2 1.042546098094558e-1 1.178093451619461e-1
          1.390806622604964e-1 1.484103185805494e-1 1.641113941387746e-1 2.017177821564002e-1
          </eigenvalues>
        <occupations size="14">
          1.000000000000000e0 1.000000000000000e0 1.000000000000000e0 1.000000000000000e0 1.000000000000000e0
          1.000000000000000e0 1.000000000000000e0 1.000000000000000e0 1.000000000000000e0 1.000000000000000e0
          1.000000000000000e0 1.000000000000000e0 1.000000000000000e0 1.000000000000000e0
          </occupations>
      </ks_energies>
      <ks_energies>
        <k_point weight="7.407407407407e-2">4.275416750802328e-1 4.275416750802331e-1 4.275416750802328e-1</k_point>
        <npw>2860</npw>
        <eigenvalues size="14">
          -1.581086420655481e-1 -1.470210183374001e-1 -1.470210183373958e-1 -9.085609324142471e-2 -3.794445094165867e-2
          -3.794445094164712e-2 -2.720927272307103e-2 5.388880687922548e-2 1.436285718103474e-1 1.436285718103760e-1
          1.531811729636502e-1 1.661324587394625e-1 1.661324587396114e-1 2.312222111951606e-1
          </eigenvalues>
        <occupations size="14">
          1.000000000000000e0 1.000000000000000e0 1.000000000000000e0 1.000000000000000e0 1.000000000000000e0
          1.000000000000000e0 1.000000000000000e0 1.000000000000000e0 1.000000000000000e0 1.000000000000000e0
          1.000000000000000e0 1.000000000000000e0 1.000000000000000e0 1.000000000000000e0
          </occupations>
      </ks_energies>
    </band_structure>
    <forces rank="2" dims="3 7">
      -6.464418545752326e-6 6.464418545752332e-6 -6.464418545752325e-6
      6.464418545752326e-6 -6.464418545752332e-6 -6.464418545752325e-6
      -6.464418545752326e-6 -6.464418545752332e-6 6.464418545752325e-6
      6.464418545752326e-6 6.464418545752332e-6 6.464418545752326e-6
      0.000000000000000e0 0.000000000000000e0 0.000000000000000e0
      0.000000000000000e0 0.000000000000000e0 0.000000000000000e0
      0.000000000000000e0 0.000000000000000e0 0.000000000000000e0
      </forces>
    <stress rank="2" dims="3 3">
      4.359673285812593e-7 0.000000000000000e0 0.000000000000000e0
      0.000000000000000e0 4.359673285812599e-7 0.000000000000000e0
      0.000000000000000e0 0.000000000000000e0 4.359673285812592e-7
      </stress>
  </output>
  <exit_status>0</exit_status>
  <timing_info>
    <total label="PWSCF">
      <cpu>1.750873990000000e2</cpu>
      <wall>1.768075239658356e2</wall>
    </total>
    <partial label="init_run" calls="2">
      <cpu>3.756680000000017e0</cpu>
      <wall>3.807858228683472e0</wall>
    </partial>
    <partial label="hinit0" calls="2">
      <cpu>1.447473000000002e0</cpu>
      <wall>1.452962160110474e0</wall>
    </partial>
    <partial label="init_vloc" calls="10">
      <cpu>3.761724999999984e0</cpu>
      <wall>3.763054132461548e0</wall>
    </partial>
    <partial label="init_us_1" calls="2">
      <cpu>1.593180000000132e-1</cpu>
      <wall>1.594088077545166e-1</wall>
    </partial>
    <partial label="fft" calls="1410">
      <cpu>1.624552999999821e0</cpu>
      <wall>1.627650260925293e0</wall>
    </partial>
    <partial label="potinit" calls="2">
      <cpu>8.595699999999908e-1</cpu>
      <wall>8.684420585632324e-1</wall>
    </partial>
    <partial label="v_of_rho" calls="133">
      <cpu>5.599903000000069e0</cpu>
      <wall>5.669348716735840e0</wall>
    </partial>
    <partial label="v_xc" calls="133">
      <cpu>5.404067999999995e0</cpu>
      <wall>5.473706007003784e0</wall>
    </partial>
    <partial label="v_h" calls="133">
      <cpu>1.945219999999210e-1</cpu>
      <wall>1.947305202484131e-1</wall>
    </partial>
    <partial label="wfcinit" calls="2">
      <cpu>1.411126999999993e0</cpu>
      <wall>1.447928905487061e0</wall>
    </partial>
    <partial label="init_us_2" calls="2720">
      <cpu>3.002837999999343e0</cpu>
      <wall>3.043780803680420e0</wall>
    </partial>
    <partial label="init_us_2:cp" calls="2720">
      <cpu>2.984835999999660e0</cpu>
      <wall>3.035098075866699e0</wall>
    </partial>
    <partial label="wfcinit:atom" calls="20">
      <cpu>2.281500000003689e-2</cpu>
      <wall>2.391242980957031e-2</wall>
    </partial>
    <partial label="atomic_wfc" calls="20">
      <cpu>2.270499999994513e-2</cpu>
      <wall>2.385282516479492e-2</wall>
    </partial>
    <partial label="wfcinit:wfcr" calls="20">
      <cpu>1.261804999999953e0</cpu>
      <wall>1.294341087341309e0</wall>
    </partial>
    <partial label="wfcrot" calls="20">
      <cpu>1.261648000000008e0</cpu>
      <wall>1.294270992279053e0</wall>
    </partial>
    <partial label="rotwfck" calls="20">
      <cpu>1.261019000000033e0</cpu>
      <wall>1.293572425842285e0</wall>
    </partial>
    <partial label="rotwfck:hpsi" calls="20">
      <cpu>1.126940000000047e0</cpu>
      <wall>1.159405469894409e0</wall>
    </partial>
    <partial label="h_psi_bgrp" calls="6280">
      <cpu>9.459569699999980e1</cpu>
      <wall>9.549605584144592e1</wall>
    </partial>
    <partial label="h_psi" calls="6280">
      <cpu>9.457582799999892e1</cpu>
      <wall>9.547954726219178e1</wall>
    </partial>
    <partial label="h_psi:pot" calls="6280">
      <cpu>9.400632599999961e1</cpu>
      <wall>9.489615464210511e1</wall>
    </partial>
    <partial label="vloc_psi" calls="6280">
      <cpu>7.962585499999950e1</cpu>
      <wall>8.039346575737000e1</wall>
    </partial>
    <partial label="fftw" calls="136292">
      <cpu>7.435654499999640e1</cpu>
      <wall>7.509923815727234e1</wall>
    </partial>
    <partial label="h_psi:calbec" calls="6280">
      <cpu>7.220628999999690e0</cpu>
      <wall>7.297217369079590e0</wall>
    </partial>
    <partial label="calbec" calls="6780">
      <cpu>7.933756999999929e0</cpu>
      <wall>8.042585611343384e0</wall>
    </partial>
    <partial label="add_vuspsi" calls="6280">
      <cpu>7.092613999999486e0</cpu>
      <wall>7.161836147308350e0</wall>
    </partial>
    <partial label="rotwfck:hc" calls="20">
      <cpu>9.225299999999947e-2</cpu>
      <wall>9.234690666198730e-2</wall>
    </partial>
    <partial label="rotwfck:diag" calls="20">
      <cpu>9.930999999994583e-3</cpu>
      <wall>9.932041168212891e-3</wall>
    </partial>
    <partial label="cdiaghg" calls="6160">
      <cpu>2.125840000000039e0</cpu>
      <wall>2.144428253173828e0</wall>
    </partial>
    <partial label="rotwfck:evc" calls="20">
      <cpu>3.156300000000556e-2</cpu>
      <wall>3.172445297241211e-2</wall>
    </partial>
    <partial label="electrons" calls="10">
      <cpu>1.463638460000001e2</cpu>
      <wall>1.478076162338257e2</wall>
    </partial>
    <partial label="c_bands" calls="125">
      <cpu>1.259706230000000e2</cpu>
      <wall>1.270672800540924e2</wall>
    </partial>
    <partial label="cegterg" calls="1250">
      <cpu>1.222338390000002e2</cpu>
      <wall>1.232666239738465e2</wall>
    </partial>
    <partial label="cegterg:init" calls="1250">
      <cpu>1.796533999999866e0</cpu>
      <wall>1.805777311325073e0</wall>
    </partial>
    <partial label="cegterg:upda" calls="5010">
      <cpu>5.020721000001259e0</cpu>
      <wall>5.067575454711914e0</wall>
    </partial>
    <partial label="g_psi" calls="5010">
      <cpu>2.017747000000156e0</cpu>
      <wall>2.033564329147339e0</wall>
    </partial>
    <partial label="cegterg:over" calls="5010">
      <cpu>8.685731000000601e0</cpu>
      <wall>8.752761363983154e0</wall>
    </partial>
    <partial label="cegterg:diag" calls="6140">
      <cpu>2.139320000000112e0</cpu>
      <wall>2.153469085693359e0</wall>
    </partial>
    <partial label="cegterg:last" calls="3533">
      <cpu>7.638360000000063e0</cpu>
      <wall>7.693036079406738e0</wall>
    </partial>
    <partial label="sum_band" calls="125">
      <cpu>1.425215999999995e1</cpu>
      <wall>1.437531805038452e1</wall>
    </partial>
    <partial label="sum_band:wei" calls="125">
      <cpu>8.659999999451884e-4</cpu>
      <wall>8.089542388916016e-4</wall>
    </partial>
    <partial label="sum_band:loo" calls="125">
      <cpu>1.346885000000000e1</cpu>
      <wall>1.359079790115357e1</wall>
    </partial>
    <partial label="sum_band:buf" calls="1250">
      <cpu>2.050039999999740e-1</cpu>
      <wall>2.077577114105225e-1</wall>
    </partial>
    <partial label="sum_band:ini" calls="1250">
      <cpu>1.391021999999793e0</cpu>
      <wall>1.407599449157715e0</wall>
    </partial>
    <partial label="ffts" calls="125">
      <cpu>1.138119999998821e-1</cpu>
      <wall>1.139144897460938e-1</wall>
    </partial>
    <partial label="sum_band:sym" calls="125">
      <cpu>6.156000000000290e-1</cpu>
      <wall>6.166102886199951e-1</wall>
    </partial>
    <partial label="mix_rho" calls="125">
      <cpu>8.389419999999745e-1</cpu>
      <wall>8.897631168365479e-1</wall>
    </partial>
    <partial label="ions" calls="10">
      <cpu>1.512268699999996e1</cpu>
      <wall>1.530372571945191e1</wall>
    </partial>
    <partial label="forces" calls="10">
      <cpu>5.349391999999995e0</cpu>
      <wall>5.372223854064941e0</wall>
    </partial>
    <partial label="frc_us" calls="10">
      <cpu>9.498400000000231e-1</cpu>
      <wall>9.677457809448242e-1</wall>
    </partial>
    <partial label="frc_lc" calls="10">
      <cpu>8.984599999996590e-2</cpu>
      <wall>8.988094329833984e-2</wall>
    </partial>
    <partial label="frc_cc" calls="10">
      <cpu>2.100000003224523e-5</cpu>
      <wall>2.050399780273438e-5</wall>
    </partial>
    <partial label="frc_scc" calls="10">
      <cpu>4.237774000000002e0</cpu>
      <wall>4.238641262054443e0</wall>
    </partial>
    <partial label="stress" calls="10">
      <cpu>9.670706999999965e0</cpu>
      <wall>9.749028921127319e0</wall>
    </partial>
    <partial label="stres_us31" calls="100">
      <cpu>5.430999999958885e-3</cpu>
      <wall>5.558252334594727e-3</wall>
    </partial>
    <partial label="stres_us32" calls="100">
      <cpu>3.474000000011301e-2</cpu>
      <wall>3.561472892761230e-2</wall>
    </partial>
    <partial label="stres_us33" calls="100">
      <cpu>3.579799999994293e-2</cpu>
      <wall>3.665804862976074e-2</wall>
    </partial>
    <partial label="stres_us34" calls="100">
      <cpu>5.939000000012129e-2</cpu>
      <wall>6.405234336853027e-2</wall>
    </partial>
    <partial label="update_pot" calls="8">
      <cpu>9.788842000000017e0</cpu>
      <wall>9.825134754180908e0</wall>
    </partial>
  </timing_info>
  <closed DATE="21 Feb 2023" TIME="17: 0:15"></closed>
</qes:espresso>
