<?xml version="1.0" encoding="UTF-8"?>
<qes:espresso xsi:schemaLocation="http://www.quantum-espresso.org/ns/qes/qes-1.0 http://www.quantum-espresso.org/ns/qes/qes_220603.xsd" Units="Hartree atomic units" xmlns:xsi="http://www.w3.org/2001/XMLSchema-instance" xmlns:qes="http://www.quantum-espresso.org/ns/qes/qes-1.0">
  <!--All quantities are in Hartree atomic units unless otherwise specified-->
  <general_info>
    <xml_format NAME="QEXSD" VERSION="21.11.01">QEXSD_21.11.01</xml_format>
    <creator NAME="PWSCF" VERSION="7.1">XML file generated by PWSCF</creator>
    <created DATE="21Feb2023" TIME="16:53:57">This run was terminated on:  16:53:57  21 Feb 2023</created>
    <job></job>
  </general_info>
  <parallel_info>
    <nprocs>1</nprocs>
    <nthreads>1</nthreads>
    <ntasks>1</ntasks>
    <nbgrp>1</nbgrp>
    <npool>1</npool>
    <ndiag>1</ndiag>
  </parallel_info>
  <input>
    <control_variables>
      <title></title>
      <calculation>scf</calculation>
      <restart_mode>from_scratch</restart_mode>
      <prefix>Si_scf</prefix>
      <pseudo_dir>./</pseudo_dir>
      <outdir>./</outdir>
      <stress>true</stress>
      <forces>true</forces>
      <wf_collect>true</wf_collect>
      <disk_io>low</disk_io>
      <max_seconds>10000000</max_seconds>
      <nstep>1</nstep>
      <etot_conv_thr>5.000000000000000e-5</etot_conv_thr>
      <forc_conv_thr>5.000000000000000e-4</forc_conv_thr>
      <press_conv_thr>5.000000000000000e-1</press_conv_thr>
      <verbosity>low</verbosity>
      <print_every>100000</print_every>
      <fcp>false</fcp>
      <rism>false</rism>
    </control_variables>
    <atomic_species ntyp="1">
      <species name="Si">
        <mass>2.808600000000000e1</mass>
        <pseudo_file>Si.pbe-rrkj.UPF</pseudo_file>
      </species>
    </atomic_species>
    <atomic_structure nat="8" alat="1.033299995415e1">
      <atomic_positions>
        <atom name="Si" index="1">5.166499977076962e0 5.166499977076962e0 0.000000000000000e0</atom>
        <atom name="Si" index="2">0.000000000000000e0 0.000000000000000e0 0.000000000000000e0</atom>
        <atom name="Si" index="3">5.166499977076962e0 0.000000000000000e0 5.166499977076962e0</atom>
        <atom name="Si" index="4">0.000000000000000e0 5.166499977076962e0 5.166499977076962e0</atom>
        <atom name="Si" index="5">7.749749965615443e0 7.749749965615443e0 2.583249988538481e0</atom>
        <atom name="Si" index="6">2.583249988538481e0 2.583249988538481e0 2.583249988538481e0</atom>
        <atom name="Si" index="7">7.749749965615443e0 2.583249988538481e0 7.749749965615443e0</atom>
        <atom name="Si" index="8">2.583249988538481e0 7.749749965615443e0 7.749749965615443e0</atom>
      </atomic_positions>
      <cell>
        <a1>1.033299995415392e1 0.000000000000000e0 0.000000000000000e0</a1>
        <a2>0.000000000000000e0 1.033299995415392e1 0.000000000000000e0</a2>
        <a3>0.000000000000000e0 0.000000000000000e0 1.033299995415392e1</a3>
      </cell>
    </atomic_structure>
    <dft>
      <functional>PBE</functional>
    </dft>
    <spin>
      <lsda>false</lsda>
      <noncolin>false</noncolin>
      <spinorbit>false</spinorbit>
    </spin>
    <bands>
      <tot_charge>0.000000000000000e0</tot_charge>
      <occupations>fixed</occupations>
    </bands>
    <basis>
      <gamma_only>false</gamma_only>
      <ecutwfc>1.500000000000000e1</ecutwfc>
      <ecutrho>6.000000000000000e1</ecutrho>
    </basis>
    <electron_control>
      <diagonalization>davidson</diagonalization>
      <mixing_mode>plain</mixing_mode>
      <mixing_beta>7.000000000000000e-1</mixing_beta>
      <conv_thr>5.000000000000000e-7</conv_thr>
      <mixing_ndim>8</mixing_ndim>
      <max_nstep>100</max_nstep>
      <real_space_q>false</real_space_q>
      <real_space_beta>false</real_space_beta>
      <tq_smoothing>false</tq_smoothing>
      <tbeta_smoothing>false</tbeta_smoothing>
      <diago_thr_init>0.000000000000000e0</diago_thr_init>
      <diago_full_acc>false</diago_full_acc>
      <diago_cg_maxiter>20</diago_cg_maxiter>
      <diago_ppcg_maxiter>20</diago_ppcg_maxiter>
      <diago_rmm_ndim>4</diago_rmm_ndim>
      <diago_gs_nblock>16</diago_gs_nblock>
      <diago_rmm_conv>false</diago_rmm_conv>
    </electron_control>
    <k_points_IBZ>
      <monkhorst_pack nk1="6" nk2="6" nk3="6" k1="1" k2="1" k3="1">Uniform grid with offset</monkhorst_pack>
    </k_points_IBZ>
    <ion_control>
      <ion_dynamics>none</ion_dynamics>
      <upscale>1.000000000000000e2</upscale>
      <remove_rigid_rot>false</remove_rigid_rot>
      <refold_pos>false</refold_pos>
    </ion_control>
    <cell_control>
      <cell_dynamics>none</cell_dynamics>
      <pressure>0.000000000000000e0</pressure>
      <wmass>2.246880000000000e2</wmass>
      <cell_do_free>all</cell_do_free>
    </cell_control>
    <symmetry_flags>
      <nosym>false</nosym>
      <nosym_evc>false</nosym_evc>
      <noinv>false</noinv>
      <no_t_rev>false</no_t_rev>
      <force_symmorphic>false</force_symmorphic>
      <use_all_frac>false</use_all_frac>
    </symmetry_flags>
  </input>
  <output>
    <convergence_info>
      <scf_conv>
        <convergence_achieved>true</convergence_achieved>
        <n_scf_steps>5</n_scf_steps>
        <scf_error>1.967628807374014e-7</scf_error>
      </scf_conv>
    </convergence_info>
    <algorithmic_info>
      <real_space_q>false</real_space_q>
      <real_space_beta>false</real_space_beta>
      <uspp>false</uspp>
      <paw>false</paw>
    </algorithmic_info>
    <atomic_species ntyp="1" pseudo_dir="./">
      <species name="Si">
        <mass>2.808600000000000e1</mass>
        <pseudo_file>Si.pbe-rrkj.UPF</pseudo_file>
      </species>
    </atomic_species>
    <atomic_structure nat="8" alat="1.033299995415e1">
      <atomic_positions>
        <atom name="Si" index="1">5.166499977076962e0 5.166499977076962e0 0.000000000000000e0</atom>
        <atom name="Si" index="2">0.000000000000000e0 0.000000000000000e0 0.000000000000000e0</atom>
        <atom name="Si" index="3">5.166499977076962e0 0.000000000000000e0 5.166499977076962e0</atom>
        <atom name="Si" index="4">0.000000000000000e0 5.166499977076962e0 5.166499977076962e0</atom>
        <atom name="Si" index="5">7.749749965615443e0 7.749749965615443e0 2.583249988538481e0</atom>
        <atom name="Si" index="6">2.583249988538481e0 2.583249988538481e0 2.583249988538481e0</atom>
        <atom name="Si" index="7">7.749749965615443e0 2.583249988538481e0 7.749749965615443e0</atom>
        <atom name="Si" index="8">2.583249988538481e0 7.749749965615443e0 7.749749965615443e0</atom>
      </atomic_positions>
      <cell>
        <a1>1.033299995415392e1 0.000000000000000e0 0.000000000000000e0</a1>
        <a2>0.000000000000000e0 1.033299995415392e1 0.000000000000000e0</a2>
        <a3>0.000000000000000e0 0.000000000000000e0 1.033299995415392e1</a3>
      </cell>
    </atomic_structure>
    <symmetries>
      <nsym>24</nsym>
      <nrot>48</nrot>
      <space_group>0</space_group>
      <symmetry>
        <info name="identity">crystal_symmetry</info>
        <rotation rank="2" dims="3 3">
          1.000000000000000e0 0.000000000000000e0 0.000000000000000e0
          0.000000000000000e0 1.000000000000000e0 0.000000000000000e0
          0.000000000000000e0 0.000000000000000e0 1.000000000000000e0
          </rotation>
        <fractional_translation>0.000000000000000e0 0.000000000000000e0 0.000000000000000e0</fractional_translation>
        <equivalent_atoms size="8" nat="8">
          1 2 3 4 5 6 7 8
          </equivalent_atoms>
      </symmetry>
      <symmetry>
        <info name="180 deg rotation - cart. axis [0,0,1]">crystal_symmetry</info>
        <rotation rank="2" dims="3 3">
          -1.000000000000000e0 0.000000000000000e0 0.000000000000000e0
          0.000000000000000e0 -1.000000000000000e0 0.000000000000000e0
          0.000000000000000e0 0.000000000000000e0 1.000000000000000e0
          </rotation>
        <fractional_translation>0.000000000000000e0 0.000000000000000e0 0.000000000000000e0</fractional_translation>
        <equivalent_atoms size="8" nat="8">
          1 2 3 4 6 5 8 7
          </equivalent_atoms>
      </symmetry>
      <symmetry>
        <info name="180 deg rotation - cart. axis [0,1,0]">crystal_symmetry</info>
        <rotation rank="2" dims="3 3">
          -1.000000000000000e0 0.000000000000000e0 0.000000000000000e0
          0.000000000000000e0 1.000000000000000e0 0.000000000000000e0
          0.000000000000000e0 0.000000000000000e0 -1.000000000000000e0
          </rotation>
        <fractional_translation>0.000000000000000e0 0.000000000000000e0 0.000000000000000e0</fractional_translation>
        <equivalent_atoms size="8" nat="8">
          1 2 3 4 8 7 6 5
          </equivalent_atoms>
      </symmetry>
      <symmetry>
        <info name="180 deg rotation - cart. axis [1,0,0]">crystal_symmetry</info>
        <rotation rank="2" dims="3 3">
          1.000000000000000e0 0.000000000000000e0 0.000000000000000e0
          0.000000000000000e0 -1.000000000000000e0 0.000000000000000e0
          0.000000000000000e0 0.000000000000000e0 -1.000000000000000e0
          </rotation>
        <fractional_translation>0.000000000000000e0 0.000000000000000e0 0.000000000000000e0</fractional_translation>
        <equivalent_atoms size="8" nat="8">
          1 2 3 4 7 8 5 6
          </equivalent_atoms>
      </symmetry>
      <symmetry>
        <info name="120 deg rotation - cart. axis [-1,-1,-1]">crystal_symmetry</info>
        <rotation rank="2" dims="3 3">
          0.000000000000000e0 1.000000000000000e0 0.000000000000000e0
          0.000000000000000e0 0.000000000000000e0 1.000000000000000e0
          1.000000000000000e0 0.000000000000000e0 0.000000000000000e0
          </rotation>
        <fractional_translation>0.000000000000000e0 0.000000000000000e0 0.000000000000000e0</fractional_translation>
        <equivalent_atoms size="8" nat="8">
          3 2 4 1 7 6 8 5
          </equivalent_atoms>
      </symmetry>
      <symmetry>
        <info name="120 deg rotation - cart. axis [-1,1,1]">crystal_symmetry</info>
        <rotation rank="2" dims="3 3">
          0.000000000000000e0 -1.000000000000000e0 0.000000000000000e0
          0.000000000000000e0 0.000000000000000e0 1.000000000000000e0
          -1.000000000000000e0 0.000000000000000e0 0.000000000000000e0
          </rotation>
        <fractional_translation>0.000000000000000e0 0.000000000000000e0 0.000000000000000e0</fractional_translation>
        <equivalent_atoms size="8" nat="8">
          3 2 4 1 6 7 5 8
          </equivalent_atoms>
      </symmetry>
      <symmetry>
        <info name="120 deg rotation - cart. axis [1,1,-1]">crystal_symmetry</info>
        <rotation rank="2" dims="3 3">
          0.000000000000000e0 1.000000000000000e0 0.000000000000000e0
          0.000000000000000e0 0.000000000000000e0 -1.000000000000000e0
          -1.000000000000000e0 0.000000000000000e0 0.000000000000000e0
          </rotation>
        <fractional_translation>0.000000000000000e0 0.000000000000000e0 0.000000000000000e0</fractional_translation>
        <equivalent_atoms size="8" nat="8">
          3 2 4 1 5 8 6 7
          </equivalent_atoms>
      </symmetry>
      <symmetry>
        <info name="120 deg rotation - cart. axis [1,-1,1]">crystal_symmetry</info>
        <rotation rank="2" dims="3 3">
          0.000000000000000e0 -1.000000000000000e0 0.000000000000000e0
          0.000000000000000e0 0.000000000000000e0 -1.000000000000000e0
          1.000000000000000e0 0.000000000000000e0 0.000000000000000e0
          </rotation>
        <fractional_translation>0.000000000000000e0 0.000000000000000e0 0.000000000000000e0</fractional_translation>
        <equivalent_atoms size="8" nat="8">
          3 2 4 1 8 5 7 6
          </equivalent_atoms>
      </symmetry>
      <symmetry>
        <info name="120 deg rotation - cart. axis [1,1,1]">crystal_symmetry</info>
        <rotation rank="2" dims="3 3">
          0.000000000000000e0 0.000000000000000e0 1.000000000000000e0
          1.000000000000000e0 0.000000000000000e0 0.000000000000000e0
          0.000000000000000e0 1.000000000000000e0 0.000000000000000e0
          </rotation>
        <fractional_translation>0.000000000000000e0 0.000000000000000e0 0.000000000000000e0</fractional_translation>
        <equivalent_atoms size="8" nat="8">
          4 2 1 3 8 6 5 7
          </equivalent_atoms>
      </symmetry>
      <symmetry>
        <info name="120 deg rotation - cart. axis [-1,1,-1]">crystal_symmetry</info>
        <rotation rank="2" dims="3 3">
          0.000000000000000e0 0.000000000000000e0 1.000000000000000e0
          -1.000000000000000e0 0.000000000000000e0 0.000000000000000e0
          0.000000000000000e0 -1.000000000000000e0 0.000000000000000e0
          </rotation>
        <fractional_translation>0.000000000000000e0 0.000000000000000e0 0.000000000000000e0</fractional_translation>
        <equivalent_atoms size="8" nat="8">
          4 2 1 3 6 8 7 5
          </equivalent_atoms>
      </symmetry>
      <symmetry>
        <info name="120 deg rotation - cart. axis [1,-1,-1]">crystal_symmetry</info>
        <rotation rank="2" dims="3 3">
          0.000000000000000e0 0.000000000000000e0 -1.000000000000000e0
          -1.000000000000000e0 0.000000000000000e0 0.000000000000000e0
          0.000000000000000e0 1.000000000000000e0 0.000000000000000e0
          </rotation>
        <fractional_translation>0.000000000000000e0 0.000000000000000e0 0.000000000000000e0</fractional_translation>
        <equivalent_atoms size="8" nat="8">
          4 2 1 3 7 5 6 8
          </equivalent_atoms>
      </symmetry>
      <symmetry>
        <info name="120 deg rotation - cart. axis [-1,-1,1]">crystal_symmetry</info>
        <rotation rank="2" dims="3 3">
          0.000000000000000e0 0.000000000000000e0 -1.000000000000000e0
          1.000000000000000e0 0.000000000000000e0 0.000000000000000e0
          0.000000000000000e0 -1.000000000000000e0 0.000000000000000e0
          </rotation>
        <fractional_translation>0.000000000000000e0 0.000000000000000e0 0.000000000000000e0</fractional_translation>
        <equivalent_atoms size="8" nat="8">
          4 2 1 3 5 7 8 6
          </equivalent_atoms>
      </symmetry>
      <symmetry>
        <info name="inv. 180 deg rotation - cart. axis [1,1,0]">crystal_symmetry</info>
        <rotation rank="2" dims="3 3">
          0.000000000000000e0 -1.000000000000000e0 0.000000000000000e0
          -1.000000000000000e0 0.000000000000000e0 0.000000000000000e0
          0.000000000000000e0 0.000000000000000e0 1.000000000000000e0
          </rotation>
        <fractional_translation>0.000000000000000e0 0.000000000000000e0 0.000000000000000e0</fractional_translation>
        <equivalent_atoms size="8" nat="8">
          1 2 4 3 6 5 7 8
          </equivalent_atoms>
      </symmetry>
      <symmetry>
        <info name="inv. 180 deg rotation - cart. axis [1,-1,0]">crystal_symmetry</info>
        <rotation rank="2" dims="3 3">
          0.000000000000000e0 1.000000000000000e0 0.000000000000000e0
          1.000000000000000e0 0.000000000000000e0 0.000000000000000e0
          0.000000000000000e0 0.000000000000000e0 1.000000000000000e0
          </rotation>
        <fractional_translation>0.000000000000000e0 0.000000000000000e0 0.000000000000000e0</fractional_translation>
        <equivalent_atoms size="8" nat="8">
          1 2 4 3 5 6 8 7
          </equivalent_atoms>
      </symmetry>
      <symmetry>
        <info name="inv.  90 deg rotation - cart. axis [0,0,-1]">crystal_symmetry</info>
        <rotation rank="2" dims="3 3">
          0.000000000000000e0 -1.000000000000000e0 0.000000000000000e0
          1.000000000000000e0 0.000000000000000e0 0.000000000000000e0
          0.000000000000000e0 0.000000000000000e0 -1.000000000000000e0
          </rotation>
        <fractional_translation>0.000000000000000e0 0.000000000000000e0 0.000000000000000e0</fractional_translation>
        <equivalent_atoms size="8" nat="8">
          1 2 4 3 8 7 5 6
          </equivalent_atoms>
      </symmetry>
      <symmetry>
        <info name="inv.  90 deg rotation - cart. axis [0,0,1]">crystal_symmetry</info>
        <rotation rank="2" dims="3 3">
          0.000000000000000e0 1.000000000000000e0 0.000000000000000e0
          -1.000000000000000e0 0.000000000000000e0 0.000000000000000e0
          0.000000000000000e0 0.000000000000000e0 -1.000000000000000e0
          </rotation>
        <fractional_translation>0.000000000000000e0 0.000000000000000e0 0.000000000000000e0</fractional_translation>
        <equivalent_atoms size="8" nat="8">
          1 2 4 3 7 8 6 5
          </equivalent_atoms>
      </symmetry>
      <symmetry>
        <info name="inv. 180 deg rotation - cart. axis [1,0,1]">crystal_symmetry</info>
        <rotation rank="2" dims="3 3">
          0.000000000000000e0 0.000000000000000e0 -1.000000000000000e0
          0.000000000000000e0 1.000000000000000e0 0.000000000000000e0
          -1.000000000000000e0 0.000000000000000e0 0.000000000000000e0
          </rotation>
        <fractional_translation>0.000000000000000e0 0.000000000000000e0 0.000000000000000e0</fractional_translation>
        <equivalent_atoms size="8" nat="8">
          4 2 3 1 5 7 6 8
          </equivalent_atoms>
      </symmetry>
      <symmetry>
        <info name="inv. 180 deg rotation - cart. axis [-1,0,1]">crystal_symmetry</info>
        <rotation rank="2" dims="3 3">
          0.000000000000000e0 0.000000000000000e0 1.000000000000000e0
          0.000000000000000e0 1.000000000000000e0 0.000000000000000e0
          1.000000000000000e0 0.000000000000000e0 0.000000000000000e0
          </rotation>
        <fractional_translation>0.000000000000000e0 0.000000000000000e0 0.000000000000000e0</fractional_translation>
        <equivalent_atoms size="8" nat="8">
          4 2 3 1 8 6 7 5
          </equivalent_atoms>
      </symmetry>
      <symmetry>
        <info name="inv.  90 deg rotation - cart. axis [0,1,0]">crystal_symmetry</info>
        <rotation rank="2" dims="3 3">
          0.000000000000000e0 0.000000000000000e0 -1.000000000000000e0
          0.000000000000000e0 -1.000000000000000e0 0.000000000000000e0
          1.000000000000000e0 0.000000000000000e0 0.000000000000000e0
          </rotation>
        <fractional_translation>0.000000000000000e0 0.000000000000000e0 0.000000000000000e0</fractional_translation>
        <equivalent_atoms size="8" nat="8">
          4 2 3 1 7 5 8 6
          </equivalent_atoms>
      </symmetry>
      <symmetry>
        <info name="inv.  90 deg rotation - cart. axis [0,-1,0]">crystal_symmetry</info>
        <rotation rank="2" dims="3 3">
          0.000000000000000e0 0.000000000000000e0 1.000000000000000e0
          0.000000000000000e0 -1.000000000000000e0 0.000000000000000e0
          -1.000000000000000e0 0.000000000000000e0 0.000000000000000e0
          </rotation>
        <fractional_translation>0.000000000000000e0 0.000000000000000e0 0.000000000000000e0</fractional_translation>
        <equivalent_atoms size="8" nat="8">
          4 2 3 1 6 8 5 7
          </equivalent_atoms>
      </symmetry>
      <symmetry>
        <info name="inv. 180 deg rotation - cart. axis [0,1,1]">crystal_symmetry</info>
        <rotation rank="2" dims="3 3">
          1.000000000000000e0 0.000000000000000e0 0.000000000000000e0
          0.000000000000000e0 0.000000000000000e0 -1.000000000000000e0
          0.000000000000000e0 -1.000000000000000e0 0.000000000000000e0
          </rotation>
        <fractional_translation>0.000000000000000e0 0.000000000000000e0 0.000000000000000e0</fractional_translation>
        <equivalent_atoms size="8" nat="8">
          3 2 1 4 5 8 7 6
          </equivalent_atoms>
      </symmetry>
      <symmetry>
        <info name="inv. 180 deg rotation - cart. axis [0,1,-1]">crystal_symmetry</info>
        <rotation rank="2" dims="3 3">
          1.000000000000000e0 0.000000000000000e0 0.000000000000000e0
          0.000000000000000e0 0.000000000000000e0 1.000000000000000e0
          0.000000000000000e0 1.000000000000000e0 0.000000000000000e0
          </rotation>
        <fractional_translation>0.000000000000000e0 0.000000000000000e0 0.000000000000000e0</fractional_translation>
        <equivalent_atoms size="8" nat="8">
          3 2 1 4 7 6 5 8
          </equivalent_atoms>
      </symmetry>
      <symmetry>
        <info name="inv.  90 deg rotation - cart. axis [-1,0,0]">crystal_symmetry</info>
        <rotation rank="2" dims="3 3">
          -1.000000000000000e0 0.000000000000000e0 0.000000000000000e0
          0.000000000000000e0 0.000000000000000e0 -1.000000000000000e0
          0.000000000000000e0 1.000000000000000e0 0.000000000000000e0
          </rotation>
        <fractional_translation>0.000000000000000e0 0.000000000000000e0 0.000000000000000e0</fractional_translation>
        <equivalent_atoms size="8" nat="8">
          3 2 1 4 8 5 6 7
          </equivalent_atoms>
      </symmetry>
      <symmetry>
        <info name="inv.  90 deg rotation - cart. axis [1,0,0]">crystal_symmetry</info>
        <rotation rank="2" dims="3 3">
          -1.000000000000000e0 0.000000000000000e0 0.000000000000000e0
          0.000000000000000e0 0.000000000000000e0 1.000000000000000e0
          0.000000000000000e0 -1.000000000000000e0 0.000000000000000e0
          </rotation>
        <fractional_translation>0.000000000000000e0 0.000000000000000e0 0.000000000000000e0</fractional_translation>
        <equivalent_atoms size="8" nat="8">
          3 2 1 4 6 7 8 5
          </equivalent_atoms>
      </symmetry>
      <symmetry>
        <info name="inversion">lattice_symmetry</info>
        <rotation rank="2" dims="3 3">
          -1.000000000000000e0 0.000000000000000e0 0.000000000000000e0
          0.000000000000000e0 -1.000000000000000e0 0.000000000000000e0
          0.000000000000000e0 0.000000000000000e0 -1.000000000000000e0
          </rotation>
      </symmetry>
      <symmetry>
        <info name="inv. 180 deg rotation - cart. axis [0,0,1]">lattice_symmetry</info>
        <rotation rank="2" dims="3 3">
          1.000000000000000e0 0.000000000000000e0 0.000000000000000e0
          0.000000000000000e0 1.000000000000000e0 0.000000000000000e0
          0.000000000000000e0 0.000000000000000e0 -1.000000000000000e0
          </rotation>
      </symmetry>
      <symmetry>
        <info name="inv. 180 deg rotation - cart. axis [0,1,0]">lattice_symmetry</info>
        <rotation rank="2" dims="3 3">
          1.000000000000000e0 0.000000000000000e0 0.000000000000000e0
          0.000000000000000e0 -1.000000000000000e0 0.000000000000000e0
          0.000000000000000e0 0.000000000000000e0 1.000000000000000e0
          </rotation>
      </symmetry>
      <symmetry>
        <info name="inv. 180 deg rotation - cart. axis [1,0,0]">lattice_symmetry</info>
        <rotation rank="2" dims="3 3">
          -1.000000000000000e0 0.000000000000000e0 0.000000000000000e0
          0.000000000000000e0 1.000000000000000e0 0.000000000000000e0
          0.000000000000000e0 0.000000000000000e0 1.000000000000000e0
          </rotation>
      </symmetry>
      <symmetry>
        <info name="180 deg rotation - cart. axis [0,1,1]">lattice_symmetry</info>
        <rotation rank="2" dims="3 3">
          -1.000000000000000e0 0.000000000000000e0 0.000000000000000e0
          0.000000000000000e0 0.000000000000000e0 1.000000000000000e0
          0.000000000000000e0 1.000000000000000e0 0.000000000000000e0
          </rotation>
      </symmetry>
      <symmetry>
        <info name="180 deg rotation - cart. axis [0,1,-1]">lattice_symmetry</info>
        <rotation rank="2" dims="3 3">
          -1.000000000000000e0 0.000000000000000e0 0.000000000000000e0
          0.000000000000000e0 0.000000000000000e0 -1.000000000000000e0
          0.000000000000000e0 -1.000000000000000e0 0.000000000000000e0
          </rotation>
      </symmetry>
      <symmetry>
        <info name=" 90 deg rotation - cart. axis [-1,0,0]">lattice_symmetry</info>
        <rotation rank="2" dims="3 3">
          1.000000000000000e0 0.000000000000000e0 0.000000000000000e0
          0.000000000000000e0 0.000000000000000e0 1.000000000000000e0
          0.000000000000000e0 -1.000000000000000e0 0.000000000000000e0
          </rotation>
      </symmetry>
      <symmetry>
        <info name=" 90 deg rotation - cart. axis [1,0,0]">lattice_symmetry</info>
        <rotation rank="2" dims="3 3">
          1.000000000000000e0 0.000000000000000e0 0.000000000000000e0
          0.000000000000000e0 0.000000000000000e0 -1.000000000000000e0
          0.000000000000000e0 1.000000000000000e0 0.000000000000000e0
          </rotation>
      </symmetry>
      <symmetry>
        <info name="180 deg rotation - cart. axis [1,1,0]">lattice_symmetry</info>
        <rotation rank="2" dims="3 3">
          0.000000000000000e0 1.000000000000000e0 0.000000000000000e0
          1.000000000000000e0 0.000000000000000e0 0.000000000000000e0
          0.000000000000000e0 0.000000000000000e0 -1.000000000000000e0
          </rotation>
      </symmetry>
      <symmetry>
        <info name="180 deg rotation - cart. axis [1,-1,0]">lattice_symmetry</info>
        <rotation rank="2" dims="3 3">
          0.000000000000000e0 -1.000000000000000e0 0.000000000000000e0
          -1.000000000000000e0 0.000000000000000e0 0.000000000000000e0
          0.000000000000000e0 0.000000000000000e0 -1.000000000000000e0
          </rotation>
      </symmetry>
      <symmetry>
        <info name=" 90 deg rotation - cart. axis [0,0,-1]">lattice_symmetry</info>
        <rotation rank="2" dims="3 3">
          0.000000000000000e0 1.000000000000000e0 0.000000000000000e0
          -1.000000000000000e0 0.000000000000000e0 0.000000000000000e0
          0.000000000000000e0 0.000000000000000e0 1.000000000000000e0
          </rotation>
      </symmetry>
      <symmetry>
        <info name=" 90 deg rotation - cart. axis [0,0,1]">lattice_symmetry</info>
        <rotation rank="2" dims="3 3">
          0.000000000000000e0 -1.000000000000000e0 0.000000000000000e0
          1.000000000000000e0 0.000000000000000e0 0.000000000000000e0
          0.000000000000000e0 0.000000000000000e0 1.000000000000000e0
          </rotation>
      </symmetry>
      <symmetry>
        <info name="180 deg rotation - cart. axis [1,0,1]">lattice_symmetry</info>
        <rotation rank="2" dims="3 3">
          0.000000000000000e0 0.000000000000000e0 1.000000000000000e0
          0.000000000000000e0 -1.000000000000000e0 0.000000000000000e0
          1.000000000000000e0 0.000000000000000e0 0.000000000000000e0
          </rotation>
      </symmetry>
      <symmetry>
        <info name="180 deg rotation - cart. axis [-1,0,1]">lattice_symmetry</info>
        <rotation rank="2" dims="3 3">
          0.000000000000000e0 0.000000000000000e0 -1.000000000000000e0
          0.000000000000000e0 -1.000000000000000e0 0.000000000000000e0
          -1.000000000000000e0 0.000000000000000e0 0.000000000000000e0
          </rotation>
      </symmetry>
      <symmetry>
        <info name=" 90 deg rotation - cart. axis [0,1,0]">lattice_symmetry</info>
        <rotation rank="2" dims="3 3">
          0.000000000000000e0 0.000000000000000e0 1.000000000000000e0
          0.000000000000000e0 1.000000000000000e0 0.000000000000000e0
          -1.000000000000000e0 0.000000000000000e0 0.000000000000000e0
          </rotation>
      </symmetry>
      <symmetry>
        <info name=" 90 deg rotation - cart. axis [0,-1,0]">lattice_symmetry</info>
        <rotation rank="2" dims="3 3">
          0.000000000000000e0 0.000000000000000e0 -1.000000000000000e0
          0.000000000000000e0 1.000000000000000e0 0.000000000000000e0
          1.000000000000000e0 0.000000000000000e0 0.000000000000000e0
          </rotation>
      </symmetry>
      <symmetry>
        <info name="inv. 120 deg rotation - cart. axis [-1,-1,-1]">lattice_symmetry</info>
        <rotation rank="2" dims="3 3">
          0.000000000000000e0 -1.000000000000000e0 0.000000000000000e0
          0.000000000000000e0 0.000000000000000e0 -1.000000000000000e0
          -1.000000000000000e0 0.000000000000000e0 0.000000000000000e0
          </rotation>
      </symmetry>
      <symmetry>
        <info name="inv. 120 deg rotation - cart. axis [-1,1,1]">lattice_symmetry</info>
        <rotation rank="2" dims="3 3">
          0.000000000000000e0 1.000000000000000e0 0.000000000000000e0
          0.000000000000000e0 0.000000000000000e0 -1.000000000000000e0
          1.000000000000000e0 0.000000000000000e0 0.000000000000000e0
          </rotation>
      </symmetry>
      <symmetry>
        <info name="inv. 120 deg rotation - cart. axis [1,1,-1]">lattice_symmetry</info>
        <rotation rank="2" dims="3 3">
          0.000000000000000e0 -1.000000000000000e0 0.000000000000000e0
          0.000000000000000e0 0.000000000000000e0 1.000000000000000e0
          1.000000000000000e0 0.000000000000000e0 0.000000000000000e0
          </rotation>
      </symmetry>
      <symmetry>
        <info name="inv. 120 deg rotation - cart. axis [1,-1,1]">lattice_symmetry</info>
        <rotation rank="2" dims="3 3">
          0.000000000000000e0 1.000000000000000e0 0.000000000000000e0
          0.000000000000000e0 0.000000000000000e0 1.000000000000000e0
          -1.000000000000000e0 0.000000000000000e0 0.000000000000000e0
          </rotation>
      </symmetry>
      <symmetry>
        <info name="inv. 120 deg rotation - cart. axis [1,1,1]">lattice_symmetry</info>
        <rotation rank="2" dims="3 3">
          0.000000000000000e0 0.000000000000000e0 -1.000000000000000e0
          -1.000000000000000e0 0.000000000000000e0 0.000000000000000e0
          0.000000000000000e0 -1.000000000000000e0 0.000000000000000e0
          </rotation>
      </symmetry>
      <symmetry>
        <info name="inv. 120 deg rotation - cart. axis [-1,1,-1]">lattice_symmetry</info>
        <rotation rank="2" dims="3 3">
          0.000000000000000e0 0.000000000000000e0 -1.000000000000000e0
          1.000000000000000e0 0.000000000000000e0 0.000000000000000e0
          0.000000000000000e0 1.000000000000000e0 0.000000000000000e0
          </rotation>
      </symmetry>
      <symmetry>
        <info name="inv. 120 deg rotation - cart. axis [1,-1,-1]">lattice_symmetry</info>
        <rotation rank="2" dims="3 3">
          0.000000000000000e0 0.000000000000000e0 1.000000000000000e0
          1.000000000000000e0 0.000000000000000e0 0.000000000000000e0
          0.000000000000000e0 -1.000000000000000e0 0.000000000000000e0
          </rotation>
      </symmetry>
      <symmetry>
        <info name="inv. 120 deg rotation - cart. axis [-1,-1,1]">lattice_symmetry</info>
        <rotation rank="2" dims="3 3">
          0.000000000000000e0 0.000000000000000e0 1.000000000000000e0
          -1.000000000000000e0 0.000000000000000e0 0.000000000000000e0
          0.000000000000000e0 1.000000000000000e0 0.000000000000000e0
          </rotation>
      </symmetry>
    </symmetries>
    <basis_set>
      <gamma_only>false</gamma_only>
      <ecutwfc>1.500000000000000e1</ecutwfc>
      <ecutrho>6.000000000000000e1</ecutrho>
      <fft_grid nr1="40" nr2="40" nr3="40"></fft_grid>
      <fft_smooth nr1="40" nr2="40" nr3="40"></fft_smooth>
      <fft_box nr1="40" nr2="40" nr3="40"></fft_box>
      <ngm>24405</ngm>
      <ngms>24405</ngms>
      <npwx>3073</npwx>
      <reciprocal_lattice>
        <b1>1.000000000000000e0 0.000000000000000e0 0.000000000000000e0</b1>
        <b2>0.000000000000000e0 1.000000000000000e0 0.000000000000000e0</b2>
        <b3>0.000000000000000e0 0.000000000000000e0 1.000000000000000e0</b3>
      </reciprocal_lattice>
    </basis_set>
    <dft>
      <functional>PBE</functional>
    </dft>
    <magnetization>
      <lsda>false</lsda>
      <noncolin>false</noncolin>
      <spinorbit>false</spinorbit>
      <absolute>0.000000000000000e0</absolute>
    </magnetization>
    <total_energy>
      <etot>-3.148363636348140e1</etot>
      <eband>1.223878546302768e0</eband>
      <ehart>2.224236535309537e0</ehart>
      <vtxc>-1.246363194886338e1</vtxc>
      <etxc>-9.581498969375001e0</etxc>
      <ewald>-3.336447076371984e1</ewald>
    </total_energy>
    <band_structure>
      <lsda>false</lsda>
      <noncolin>false</noncolin>
      <spinorbit>false</spinorbit>
      <nbnd>16</nbnd>
      <nelec>3.200000000000000e1</nelec>
      <num_of_atomic_wfc>32</num_of_atomic_wfc>
      <wf_collected>true</wf_collected>
      <fermi_energy>2.159330870430789e-1</fermi_energy>
      <highestOccupiedLevel>2.159330870430789e-1</highestOccupiedLevel>
      <starting_k_points>
        <monkhorst_pack nk1="6" nk2="6" nk3="6" k1="1" k2="1" k3="1">Uniform grid with offset</monkhorst_pack>
      </starting_k_points>
      <nks>10</nks>
      <occupations_kind>fixed</occupations_kind>
      <ks_energies>
        <k_point weight="7.407407407407e-2">8.333333333333332e-2 8.333333333333332e-2 8.333333333333332e-2</k_point>
        <npw>3041</npw>
        <eigenvalues size="16">
          -2.079171976341753e-1 -8.327857336747359e-2 -8.325987261792113e-2 -8.325986667434158e-2 -3.772403862181392e-2
          -3.770849643125628e-2 -3.770849347122829e-2 1.070961004383147e-1 1.071039297782901e-1 1.071039316589210e-1
          1.212237818804673e-1 1.212237875117536e-1 1.212328157213939e-1 1.900202909309119e-1 2.159330861251958e-1
          2.159330870430789e-1
          </eigenvalues>
        <occupations size="16">
          1.000000000000000e0 1.000000000000000e0 1.000000000000000e0 1.000000000000000e0 1.000000000000000e0
          1.000000000000000e0 1.000000000000000e0 1.000000000000000e0 1.000000000000000e0 1.000000000000000e0
          1.000000000000000e0 1.000000000000000e0 1.000000000000000e0 1.000000000000000e0 1.000000000000000e0
          1.000000000000000e0
          </occupations>
      </ks_energies>
      <ks_energies>
        <k_point weight="2.222222222222e-1">8.333333333333332e-2 8.333333333333332e-2 2.500000000000000e-1</k_point>
        <npw>3060</npw>
        <eigenvalues size="16">
          -1.992042287033107e-1 -1.232210088464310e-1 -7.997391971006533e-2 -7.996070774954472e-2 -3.744085727807088e-2
          -3.743089095197809e-2 1.106995989535467e-2 8.653651154085191e-2 8.654123973616896e-2 1.144384684830151e-1
          1.144420432291910e-1 1.168536437425205e-1 1.290305118162082e-1 1.512661158997520e-1 1.926666152166839e-1
          1.993595103846325e-1
          </eigenvalues>
        <occupations size="16">
          1.000000000000000e0 1.000000000000000e0 1.000000000000000e0 1.000000000000000e0 1.000000000000000e0
          1.000000000000000e0 1.000000000000000e0 1.000000000000000e0 1.000000000000000e0 1.000000000000000e0
          1.000000000000000e0 1.000000000000000e0 1.000000000000000e0 1.000000000000000e0 1.000000000000000e0
          1.000000000000000e0
          </occupations>
      </ks_energies>
      <ks_energies>
        <k_point weight="2.222222222222e-1">8.333333333333332e-2 8.333333333333332e-2 4.166666666666666e-1</k_point>
        <npw>3052</npw>
        <eigenvalues size="16">
          -1.819279429854138e-1 -1.564135676095153e-1 -7.614654112850578e-2 -7.613227279284683e-2 -3.772440577302066e-2
          -3.771525178311585e-2 6.053348094766230e-2 7.466966687661561e-2 7.467492968500112e-2 1.026653828489159e-1
          1.026664266711364e-1 1.077253918589207e-1 1.365479867642410e-1 1.443280884373839e-1 1.657592905373732e-1
          1.662840948035294e-1
          </eigenvalues>
        <occupations size="16">
          1.000000000000000e0 1.000000000000000e0 1.000000000000000e0 1.000000000000000e0 1.000000000000000e0
          1.000000000000000e0 1.000000000000000e0 1.000000000000000e0 1.000000000000000e0 1.000000000000000e0
          1.000000000000000e0 1.000000000000000e0 1.000000000000000e0 1.000000000000000e0 1.000000000000000e0
          1.000000000000000e0
          </occupations>
      </ks_energies>
      <ks_energies>
        <k_point weight="2.222222222222e-1">8.333333333333332e-2 2.500000000000000e-1 2.500000000000000e-1</k_point>
        <npw>3064</npw>
        <eigenvalues size="16">
          -1.906598652170460e-1 -1.171383079155967e-1 -1.171250565866511e-1 -8.376246251536980e-2 -3.426145052973707e-2
          2.994959322270612e-3 3.000255324243694e-3 7.010759387356176e-2 9.813353552702363e-2 9.813559214731516e-2
          1.146604316550713e-1 1.267397292297100e-1 1.267513614788914e-1 1.347581413957719e-1 1.714387616911579e-1
          2.082727941899146e-1
          </eigenvalues>
        <occupations size="16">
          1.000000000000000e0 1.000000000000000e0 1.000000000000000e0 1.000000000000000e0 1.000000000000000e0
          1.000000000000000e0 1.000000000000000e0 1.000000000000000e0 1.000000000000000e0 1.000000000000000e0
          1.000000000000000e0 1.000000000000000e0 1.000000000000000e0 1.000000000000000e0 1.000000000000000e0
          1.000000000000000e0
          </occupations>
      </ks_energies>
      <ks_energies>
        <k_point weight="4.444444444444e-1">8.333333333333332e-2 2.500000000000000e-1 4.166666666666666e-1</k_point>
        <npw>3061</npw>
        <eigenvalues size="16">
          -1.737689496962388e-1 -1.489795651142040e-1 -1.061905446440016e-1 -9.343429016232376e-2 -2.520859311832383e-2
          -1.104948123570058e-2 4.110473398734339e-2 6.908986755415327e-2 7.749947872453086e-2 8.056019469213716e-2
          1.182022286968880e-1 1.267384352143657e-1 1.341490145216849e-1 1.433884128510985e-1 1.523080097289409e-1
          1.857416756510347e-1
          </eigenvalues>
        <occupations size="16">
          1.000000000000000e0 1.000000000000000e0 1.000000000000000e0 1.000000000000000e0 1.000000000000000e0
          1.000000000000000e0 1.000000000000000e0 1.000000000000000e0 1.000000000000000e0 1.000000000000000e0
          1.000000000000000e0 1.000000000000000e0 1.000000000000000e0 1.000000000000000e0 1.000000000000000e0
          1.000000000000000e0
          </occupations>
      </ks_energies>
      <ks_energies>
        <k_point weight="2.222222222222e-1">8.333333333333332e-2 4.166666666666666e-1 4.166666666666666e-1</k_point>
        <npw>3072</npw>
        <eigenvalues size="16">
          -1.577729466643099e-1 -1.347211136230063e-1 -1.347075846876511e-1 -1.151336776862545e-1 -6.885390761134608e-3
          1.606109936872165e-2 1.606291230635945e-2 4.534871066666347e-2 7.694050526453094e-2 9.497902588861731e-2
          9.498081634460304e-2 1.169220911240516e-1 1.592012229771674e-1 1.616455802870296e-1 1.616633654025719e-1
          1.875763066948353e-1
          </eigenvalues>
        <occupations size="16">
          1.000000000000000e0 1.000000000000000e0 1.000000000000000e0 1.000000000000000e0 1.000000000000000e0
          1.000000000000000e0 1.000000000000000e0 1.000000000000000e0 1.000000000000000e0 1.000000000000000e0
          1.000000000000000e0 1.000000000000000e0 1.000000000000000e0 1.000000000000000e0 1.000000000000000e0
          1.000000000000000e0
          </occupations>
      </ks_energies>
      <ks_energies>
        <k_point weight="7.407407407407e-2">2.500000000000000e-1 2.500000000000000e-1 2.500000000000000e-1</k_point>
        <npw>3058</npw>
        <eigenvalues size="16">
          -1.823520348208083e-1 -1.132493586867392e-1 -1.132280344533049e-1 -1.132280328514543e-1 -9.761291577586894e-3
          -9.757785012981119e-3 -9.757783226783456e-3 7.927753153143867e-2 9.419763339715720e-2 9.421181312202844e-2
          9.421181391263199e-2 1.417956823274217e-1 1.417956858846338e-1 1.418048879562443e-1 1.937401300470127e-1
          1.937401447333493e-1
          </eigenvalues>
        <occupations size="16">
          1.000000000000000e0 1.000000000000000e0 1.000000000000000e0 1.000000000000000e0 1.000000000000000e0
          1.000000000000000e0 1.000000000000000e0 1.000000000000000e0 1.000000000000000e0 1.000000000000000e0
          1.000000000000000e0 1.000000000000000e0 1.000000000000000e0 1.000000000000000e0 1.000000000000000e0
          1.000000000000000e0
          </occupations>
      </ks_energies>
      <ks_energies>
        <k_point weight="2.222222222222e-1">2.500000000000000e-1 2.500000000000000e-1 4.166666666666666e-1</k_point>
        <npw>3073</npw>
        <eigenvalues size="16">
          -1.660319103610251e-1 -1.424331178282621e-1 -1.086407235532410e-1 -1.086250887681400e-1 -2.214813905603291e-2
          -2.214782624803029e-2 1.614601556552350e-2 4.534514366711929e-2 9.640438032027955e-2 9.641857256560387e-2
          1.336153821006292e-1 1.441044158009598e-1 1.441059114925101e-1 1.552973549032714e-1 1.737441562770705e-1
          1.749729006403064e-1
          </eigenvalues>
        <occupations size="16">
          1.000000000000000e0 1.000000000000000e0 1.000000000000000e0 1.000000000000000e0 1.000000000000000e0
          1.000000000000000e0 1.000000000000000e0 1.000000000000000e0 1.000000000000000e0 1.000000000000000e0
          1.000000000000000e0 1.000000000000000e0 1.000000000000000e0 1.000000000000000e0 1.000000000000000e0
          1.000000000000000e0
          </occupations>
      </ks_energies>
      <ks_energies>
        <k_point weight="2.222222222222e-1">2.500000000000000e-1 4.166666666666666e-1 4.166666666666666e-1</k_point>
        <npw>3072</npw>
        <eigenvalues size="16">
          -1.511368266387226e-1 -1.306851893095271e-1 -1.306706363192640e-1 -1.173784095176184e-1 -2.315663894458576e-2
          -8.575740707915182e-3 -8.574767432850566e-3 1.471409066011618e-2 1.135434583569904e-1 1.288972378422436e-1
          1.288989814094954e-1 1.545656564302478e-1 1.637723321825517e-1 1.651356101405231e-1 1.651524474555180e-1
          1.852401652490734e-1
          </eigenvalues>
        <occupations size="16">
          1.000000000000000e0 1.000000000000000e0 1.000000000000000e0 1.000000000000000e0 1.000000000000000e0
          1.000000000000000e0 1.000000000000000e0 1.000000000000000e0 1.000000000000000e0 1.000000000000000e0
          1.000000000000000e0 1.000000000000000e0 1.000000000000000e0 1.000000000000000e0 1.000000000000000e0
          1.000000000000000e0
          </occupations>
      </ks_energies>
      <ks_energies>
        <k_point weight="7.407407407407e-2">4.166666666666666e-1 4.166666666666666e-1 4.166666666666666e-1</k_point>
        <npw>3070</npw>
        <eigenvalues size="16">
          -1.392429622014270e-1 -1.259240436358942e-1 -1.258999941303212e-1 -1.258999927494767e-1 -2.665071525857105e-2
          -2.665071481135984e-2 -2.664597705450589e-2 -1.216209726615760e-2 1.569046388247799e-1 1.569252820775041e-1
          1.569252856456372e-1 1.715048892401490e-1 1.715048921372628e-1 1.715144250063278e-1 1.796333617279100e-1
          1.796333618403697e-1
          </eigenvalues>
        <occupations size="16">
          1.000000000000000e0 1.000000000000000e0 1.000000000000000e0 1.000000000000000e0 1.000000000000000e0
          1.000000000000000e0 1.000000000000000e0 1.000000000000000e0 1.000000000000000e0 1.000000000000000e0
          1.000000000000000e0 1.000000000000000e0 1.000000000000000e0 1.000000000000000e0 1.000000000000000e0
          1.000000000000000e0
          </occupations>
      </ks_energies>
    </band_structure>
    <forces rank="2" dims="3 8">
      0.000000000000000e0 0.000000000000000e0 0.000000000000000e0
      0.000000000000000e0 0.000000000000000e0 0.000000000000000e0
      0.000000000000000e0 0.000000000000000e0 0.000000000000000e0
      0.000000000000000e0 0.000000000000000e0 0.000000000000000e0
      -2.222882844480960e-6 -2.222882844480960e-6 2.222882844480960e-6
      2.222882844480960e-6 2.222882844480960e-6 2.222882844480960e-6
      -2.222882844480960e-6 2.222882844480960e-6 -2.222882844480959e-6
      2.222882844480960e-6 -2.222882844480960e-6 -2.222882844480959e-6
      </forces>
    <stress rank="2" dims="3 3">
      1.146440751005907e-5 0.000000000000000e0 0.000000000000000e0
      0.000000000000000e0 1.146440751005907e-5 0.000000000000000e0
      0.000000000000000e0 0.000000000000000e0 1.146440751005907e-5
      </stress>
  </output>
  <exit_status>0</exit_status>
  <timing_info>
    <total label="PWSCF">
      <cpu>9.176287000000000e0</cpu>
      <wall>9.368629932403564e0</wall>
    </total>
    <partial label="init_run" calls="1">
      <cpu>1.218307000000000e0</cpu>
      <wall>1.259316921234131e0</wall>
    </partial>
    <partial label="hinit0" calls="1">
      <cpu>3.084400000000000e-1</cpu>
      <wall>3.101170063018799e-1</wall>
    </partial>
    <partial label="init_vloc" calls="1">
      <cpu>4.310999999999996e-3</cpu>
      <wall>4.317045211791992e-3</wall>
    </partial>
    <partial label="init_us_1" calls="1">
      <cpu>4.056100000000001e-2</cpu>
      <wall>4.056596755981445e-2</wall>
    </partial>
    <partial label="fft" calls="68">
      <cpu>2.899200000000004e-1</cpu>
      <wall>2.900776863098145e-1</wall>
    </partial>
    <partial label="potinit" calls="1">
      <cpu>4.986899999999999e-2</cpu>
      <wall>5.603384971618652e-2</wall>
    </partial>
    <partial label="v_of_rho" calls="6">
      <cpu>2.573400000000010e-1</cpu>
      <wall>2.647721767425537e-1</wall>
    </partial>
    <partial label="v_xc" calls="6">
      <cpu>2.480049999999991e-1</cpu>
      <wall>2.554440498352051e-1</wall>
    </partial>
    <partial label="v_h" calls="6">
      <cpu>9.279000000001147e-3</cpu>
      <wall>9.286880493164063e-3</wall>
    </partial>
    <partial label="wfcinit" calls="1">
      <cpu>8.408359999999998e-1</cpu>
      <wall>8.719489574432373e-1</wall>
    </partial>
    <partial label="init_us_2" calls="150">
      <cpu>1.725340000000042e-1</cpu>
      <wall>1.780970096588135e-1</wall>
    </partial>
    <partial label="init_us_2:cp" calls="150">
      <cpu>1.715179999999936e-1</cpu>
      <wall>1.776170730590820e-1</wall>
    </partial>
    <partial label="wfcinit:atom" calls="10">
      <cpu>1.359599999999994e-2</cpu>
      <wall>1.956629753112793e-2</wall>
    </partial>
    <partial label="atomic_wfc" calls="10">
      <cpu>1.355200000000023e-2</cpu>
      <wall>1.953673362731934e-2</wall>
    </partial>
    <partial label="wfcinit:wfcr" calls="10">
      <cpu>7.568659999999998e-1</cpu>
      <wall>7.724950313568115e-1</wall>
    </partial>
    <partial label="wfcrot" calls="10">
      <cpu>7.567940000000004e-1</cpu>
      <wall>7.724611759185791e-1</wall>
    </partial>
    <partial label="rotwfck" calls="10">
      <cpu>7.564740000000000e-1</cpu>
      <wall>7.721316814422607e-1</wall>
    </partial>
    <partial label="rotwfck:hpsi" calls="10">
      <cpu>6.720269999999999e-1</cpu>
      <wall>6.876821517944336e-1</wall>
    </partial>
    <partial label="h_psi_bgrp" calls="254">
      <cpu>5.392332000000009e0</cpu>
      <wall>5.483438014984131e0</wall>
    </partial>
    <partial label="h_psi" calls="254">
      <cpu>5.391518000000016e0</cpu>
      <wall>5.482756614685059e0</wall>
    </partial>
    <partial label="h_psi:pot" calls="254">
      <cpu>5.348340000000011e0</cpu>
      <wall>5.432095289230347e0</wall>
    </partial>
    <partial label="vloc_psi" calls="254">
      <cpu>4.512528999999995e0</cpu>
      <wall>4.591966867446899e0</wall>
    </partial>
    <partial label="fftw" calls="7380">
      <cpu>4.253729000000060e0</cpu>
      <wall>4.327019929885864e0</wall>
    </partial>
    <partial label="h_psi:calbec" calls="254">
      <cpu>4.202899999999996e-1</cpu>
      <wall>4.243915081024170e-1</wall>
    </partial>
    <partial label="calbec" calls="304">
      <cpu>5.115929999999995e-1</cpu>
      <wall>5.219171047210693e-1</wall>
    </partial>
    <partial label="add_vuspsi" calls="254">
      <cpu>4.126569999999994e-1</cpu>
      <wall>4.139511585235596e-1</wall>
    </partial>
    <partial label="rotwfck:hc" calls="10">
      <cpu>5.881300000000023e-2</cpu>
      <wall>5.885744094848633e-2</wall>
    </partial>
    <partial label="rotwfck:diag" calls="10">
      <cpu>6.033000000000399e-3</cpu>
      <wall>6.032943725585938e-3</wall>
    </partial>
    <partial label="cdiaghg" calls="234">
      <cpu>1.044600000000031e-1</cpu>
      <wall>1.052083969116211e-1</wall>
    </partial>
    <partial label="rotwfck:evc" calls="10">
      <cpu>1.932500000000004e-2</cpu>
      <wall>1.936578750610352e-2</wall>
    </partial>
    <partial label="electrons" calls="1">
      <cpu>7.343721000000000e0</cpu>
      <wall>7.467235088348389e0</wall>
    </partial>
    <partial label="c_bands" calls="6">
      <cpu>6.339320000000000e0</cpu>
      <wall>6.432324409484863e0</wall>
    </partial>
    <partial label="cegterg" calls="60">
      <cpu>6.142159000000005e0</cpu>
      <wall>6.229287147521973e0</wall>
    </partial>
    <partial label="cegterg:init" calls="60">
      <cpu>1.082550000000015e-1</cpu>
      <wall>1.084632873535156e-1</wall>
    </partial>
    <partial label="cegterg:upda" calls="184">
      <cpu>2.461129999999994e-1</cpu>
      <wall>2.489302158355713e-1</wall>
    </partial>
    <partial label="g_psi" calls="184">
      <cpu>9.468499999999835e-2</cpu>
      <wall>9.593868255615234e-2</wall>
    </partial>
    <partial label="cegterg:over" calls="184">
      <cpu>4.319370000000120e-1</cpu>
      <wall>4.361300468444824e-1</wall>
    </partial>
    <partial label="cegterg:diag" calls="224">
      <cpu>9.933799999999593e-2</cpu>
      <wall>9.992933273315430e-2</wall>
    </partial>
    <partial label="cegterg:last" calls="139">
      <cpu>3.639310000000080e-1</cpu>
      <wall>3.660831451416016e-1</wall>
    </partial>
    <partial label="sum_band" calls="6">
      <cpu>7.654779999999999e-1</cpu>
      <wall>7.735395431518555e-1</wall>
    </partial>
    <partial label="sum_band:wei" calls="6">
      <cpu>5.599999999894578e-5</cpu>
      <wall>5.412101745605469e-5</wall>
    </partial>
    <partial label="sum_band:loo" calls="6">
      <cpu>7.377299999999991e-1</cpu>
      <wall>7.457447052001953e-1</wall>
    </partial>
    <partial label="sum_band:buf" calls="60">
      <cpu>1.012000000000057e-2</cpu>
      <wall>1.054549217224121e-2</wall>
    </partial>
    <partial label="sum_band:ini" calls="60">
      <cpu>6.938700000000075e-2</cpu>
      <wall>7.057881355285645e-2</wall>
    </partial>
    <partial label="ffts" calls="6">
      <cpu>5.788000000000793e-3</cpu>
      <wall>5.845069885253906e-3</wall>
    </partial>
    <partial label="sum_band:sym" calls="6">
      <cpu>1.897199999999799e-2</cpu>
      <wall>1.897335052490234e-2</wall>
    </partial>
    <partial label="mix_rho" calls="6">
      <cpu>1.468799999999959e-2</cpu>
      <wall>2.264380455017090e-2</wall>
    </partial>
    <partial label="ions" calls="1">
      <cpu>5.819239999999990e-1</cpu>
      <wall>6.020278930664063e-1</wall>
    </partial>
    <partial label="forces" calls="1">
      <cpu>1.483790000000003e-1</cpu>
      <wall>1.564798355102539e-1</wall>
    </partial>
    <partial label="frc_us" calls="1">
      <cpu>1.100960000000004e-1</cpu>
      <wall>1.181969642639160e-1</wall>
    </partial>
    <partial label="frc_lc" calls="1">
      <cpu>9.031000000000233e-3</cpu>
      <wall>9.037971496582031e-3</wall>
    </partial>
    <partial label="frc_cc" calls="1">
      <cpu>3.200000000092018e-5</cpu>
      <wall>3.099441528320313e-5</wall>
    </partial>
    <partial label="frc_scc" calls="1">
      <cpu>2.139500000000005e-2</cpu>
      <wall>2.139401435852051e-2</wall>
    </partial>
    <partial label="stress" calls="1">
      <cpu>4.335170000000002e-1</cpu>
      <wall>4.455251693725586e-1</wall>
    </partial>
    <partial label="stres_us31" calls="10">
      <cpu>5.609999999975912e-4</cpu>
      <wall>5.650520324707031e-4</wall>
    </partial>
    <partial label="stres_us32" calls="10">
      <cpu>3.636000000003747e-3</cpu>
      <wall>3.645896911621094e-3</wall>
    </partial>
    <partial label="stres_us33" calls="10">
      <cpu>3.702000000000538e-3</cpu>
      <wall>3.716230392456055e-3</wall>
    </partial>
    <partial label="stres_us34" calls="10">
      <cpu>7.709000000000188e-3</cpu>
      <wall>7.745027542114258e-3</wall>
    </partial>
  </timing_info>
  <closed DATE="21 Feb 2023" TIME="16:53:57"></closed>
</qes:espresso>
