<?xml version="1.0" encoding="UTF-8"?>
<qes:espresso xsi:schemaLocation="http://www.quantum-espresso.org/ns/qes/qes-1.0 http://www.quantum-espresso.org/ns/qes/qes_220603.xsd" Units="Hartree atomic units" xmlns:xsi="http://www.w3.org/2001/XMLSchema-instance" xmlns:qes="http://www.quantum-espresso.org/ns/qes/qes-1.0">
  <!--All quantities are in Hartree atomic units unless otherwise specified-->
  <general_info>
    <xml_format NAME="QEXSD" VERSION="21.11.01">QEXSD_21.11.01</xml_format>
    <creator NAME="PWSCF" VERSION="7.1">XML file generated by PWSCF</creator>
    <created DATE="23Feb2023" TIME="22:34:38">This run was terminated on:  22:34:38  23 Feb 2023</created>
    <job></job>
  </general_info>
  <parallel_info>
    <nprocs>1</nprocs>
    <nthreads>1</nthreads>
    <ntasks>1</ntasks>
    <nbgrp>1</nbgrp>
    <npool>1</npool>
    <ndiag>1</ndiag>
  </parallel_info>
  <input>
    <control_variables>
      <title></title>
      <calculation>scf</calculation>
      <restart_mode>from_scratch</restart_mode>
      <prefix>Si2</prefix>
      <pseudo_dir>./</pseudo_dir>
      <outdir>./</outdir>
      <stress>false</stress>
      <forces>false</forces>
      <wf_collect>true</wf_collect>
      <disk_io>low</disk_io>
      <max_seconds>10000000</max_seconds>
      <nstep>1</nstep>
      <etot_conv_thr>5.000000000000000e-5</etot_conv_thr>
      <forc_conv_thr>5.000000000000000e-4</forc_conv_thr>
      <press_conv_thr>5.000000000000000e-1</press_conv_thr>
      <verbosity>low</verbosity>
      <print_every>100000</print_every>
      <fcp>false</fcp>
      <rism>false</rism>
    </control_variables>
    <atomic_species ntyp="1">
      <species name="Si">
        <mass>2.808600000000000e1</mass>
        <pseudo_file>Si.pbe-rrkj.UPF</pseudo_file>
      </species>
    </atomic_species>
    <atomic_structure nat="2" alat="1.033300000000e1" bravais_index="2">
      <atomic_positions>
        <atom name="Si" index="1">0.000000000000000e0 0.000000000000000e0 0.000000000000000e0</atom>
        <atom name="Si" index="2">2.583250000000000e0 2.583250000000000e0 2.583250000000000e0</atom>
      </atomic_positions>
      <cell>
        <a1>-5.166500000000000e0 0.000000000000000e0 5.166500000000000e0</a1>
        <a2>0.000000000000000e0 5.166500000000000e0 5.166500000000000e0</a2>
        <a3>-5.166500000000000e0 5.166500000000000e0 0.000000000000000e0</a3>
      </cell>
    </atomic_structure>
    <dft>
      <functional>PBE</functional>
    </dft>
    <spin>
      <lsda>false</lsda>
      <noncolin>false</noncolin>
      <spinorbit>false</spinorbit>
    </spin>
    <bands>
      <tot_charge>0.000000000000000e0</tot_charge>
      <occupations>fixed</occupations>
    </bands>
    <basis>
      <gamma_only>false</gamma_only>
      <ecutwfc>7.000000000000000e1</ecutwfc>
      <ecutrho>2.800000000000000e2</ecutrho>
    </basis>
    <electron_control>
      <diagonalization>davidson</diagonalization>
      <mixing_mode>plain</mixing_mode>
      <mixing_beta>7.000000000000000e-1</mixing_beta>
      <conv_thr>5.000000000000000e-7</conv_thr>
      <mixing_ndim>8</mixing_ndim>
      <max_nstep>100</max_nstep>
      <real_space_q>false</real_space_q>
      <real_space_beta>false</real_space_beta>
      <tq_smoothing>false</tq_smoothing>
      <tbeta_smoothing>false</tbeta_smoothing>
      <diago_thr_init>0.000000000000000e0</diago_thr_init>
      <diago_full_acc>false</diago_full_acc>
      <diago_cg_maxiter>20</diago_cg_maxiter>
      <diago_ppcg_maxiter>20</diago_ppcg_maxiter>
      <diago_rmm_ndim>4</diago_rmm_ndim>
      <diago_gs_nblock>16</diago_gs_nblock>
      <diago_rmm_conv>false</diago_rmm_conv>
    </electron_control>
    <k_points_IBZ>
      <monkhorst_pack nk1="4" nk2="4" nk3="4" k1="1" k2="1" k3="1">Uniform grid with offset</monkhorst_pack>
    </k_points_IBZ>
    <ion_control>
      <ion_dynamics>none</ion_dynamics>
      <upscale>1.000000000000000e2</upscale>
      <remove_rigid_rot>false</remove_rigid_rot>
      <refold_pos>false</refold_pos>
    </ion_control>
    <cell_control>
      <cell_dynamics>none</cell_dynamics>
      <pressure>0.000000000000000e0</pressure>
      <wmass>5.617200000000000e1</wmass>
      <cell_do_free>all</cell_do_free>
    </cell_control>
    <symmetry_flags>
      <nosym>false</nosym>
      <nosym_evc>false</nosym_evc>
      <noinv>false</noinv>
      <no_t_rev>false</no_t_rev>
      <force_symmorphic>false</force_symmorphic>
      <use_all_frac>false</use_all_frac>
    </symmetry_flags>
  </input>
  <output>
    <convergence_info>
      <scf_conv>
        <convergence_achieved>true</convergence_achieved>
        <n_scf_steps>5</n_scf_steps>
        <scf_error>9.502599564409884e-8</scf_error>
      </scf_conv>
    </convergence_info>
    <algorithmic_info>
      <real_space_q>false</real_space_q>
      <real_space_beta>false</real_space_beta>
      <uspp>false</uspp>
      <paw>false</paw>
    </algorithmic_info>
    <atomic_species ntyp="1" pseudo_dir="./">
      <species name="Si">
        <mass>2.808600000000000e1</mass>
        <pseudo_file>Si.pbe-rrkj.UPF</pseudo_file>
      </species>
    </atomic_species>
    <atomic_structure nat="2" alat="1.033300000000e1" bravais_index="2">
      <atomic_positions>
        <atom name="Si" index="1">0.000000000000000e0 0.000000000000000e0 0.000000000000000e0</atom>
        <atom name="Si" index="2">2.583250000000000e0 2.583250000000000e0 2.583250000000000e0</atom>
      </atomic_positions>
      <cell>
        <a1>-5.166500000000000e0 0.000000000000000e0 5.166500000000000e0</a1>
        <a2>0.000000000000000e0 5.166500000000000e0 5.166500000000000e0</a2>
        <a3>-5.166500000000000e0 5.166500000000000e0 0.000000000000000e0</a3>
      </cell>
    </atomic_structure>
    <symmetries>
      <nsym>48</nsym>
      <nrot>48</nrot>
      <space_group>0</space_group>
      <symmetry>
        <info name="identity">crystal_symmetry</info>
        <rotation rank="2" dims="3 3">
          1.000000000000000e0 0.000000000000000e0 0.000000000000000e0
          0.000000000000000e0 1.000000000000000e0 0.000000000000000e0
          0.000000000000000e0 0.000000000000000e0 1.000000000000000e0
          </rotation>
        <fractional_translation>0.000000000000000e0 0.000000000000000e0 0.000000000000000e0</fractional_translation>
        <equivalent_atoms size="2" nat="2">
          1 2
          </equivalent_atoms>
      </symmetry>
      <symmetry>
        <info name="180 deg rotation - cart. axis [0,0,1]">crystal_symmetry</info>
        <rotation rank="2" dims="3 3">
          0.000000000000000e0 1.000000000000000e0 0.000000000000000e0
          1.000000000000000e0 0.000000000000000e0 0.000000000000000e0
          -1.000000000000000e0 -1.000000000000000e0 -1.000000000000000e0
          </rotation>
        <fractional_translation>0.000000000000000e0 0.000000000000000e0 0.000000000000000e0</fractional_translation>
        <equivalent_atoms size="2" nat="2">
          1 2
          </equivalent_atoms>
      </symmetry>
      <symmetry>
        <info name="180 deg rotation - cart. axis [0,1,0]">crystal_symmetry</info>
        <rotation rank="2" dims="3 3">
          -1.000000000000000e0 -1.000000000000000e0 -1.000000000000000e0
          0.000000000000000e0 0.000000000000000e0 1.000000000000000e0
          0.000000000000000e0 1.000000000000000e0 0.000000000000000e0
          </rotation>
        <fractional_translation>0.000000000000000e0 0.000000000000000e0 0.000000000000000e0</fractional_translation>
        <equivalent_atoms size="2" nat="2">
          1 2
          </equivalent_atoms>
      </symmetry>
      <symmetry>
        <info name="180 deg rotation - cart. axis [1,0,0]">crystal_symmetry</info>
        <rotation rank="2" dims="3 3">
          0.000000000000000e0 0.000000000000000e0 1.000000000000000e0
          -1.000000000000000e0 -1.000000000000000e0 -1.000000000000000e0
          1.000000000000000e0 0.000000000000000e0 0.000000000000000e0
          </rotation>
        <fractional_translation>0.000000000000000e0 0.000000000000000e0 0.000000000000000e0</fractional_translation>
        <equivalent_atoms size="2" nat="2">
          1 2
          </equivalent_atoms>
      </symmetry>
      <symmetry>
        <info name="180 deg rotation - cart. axis [1,1,0]">crystal_symmetry</info>
        <rotation rank="2" dims="3 3">
          0.000000000000000e0 -1.000000000000000e0 0.000000000000000e0
          -1.000000000000000e0 0.000000000000000e0 0.000000000000000e0
          0.000000000000000e0 0.000000000000000e0 -1.000000000000000e0
          </rotation>
        <fractional_translation>2.500000000000000e-1 2.500000000000000e-1 2.500000000000000e-1</fractional_translation>
        <equivalent_atoms size="2" nat="2">
          2 1
          </equivalent_atoms>
      </symmetry>
      <symmetry>
        <info name="180 deg rotation - cart. axis [1,-1,0]">crystal_symmetry</info>
        <rotation rank="2" dims="3 3">
          -1.000000000000000e0 0.000000000000000e0 0.000000000000000e0
          0.000000000000000e0 -1.000000000000000e0 0.000000000000000e0
          1.000000000000000e0 1.000000000000000e0 1.000000000000000e0
          </rotation>
        <fractional_translation>2.500000000000000e-1 2.500000000000000e-1 2.500000000000000e-1</fractional_translation>
        <equivalent_atoms size="2" nat="2">
          2 1
          </equivalent_atoms>
      </symmetry>
      <symmetry>
        <info name=" 90 deg rotation - cart. axis [0,0,-1]">crystal_symmetry</info>
        <rotation rank="2" dims="3 3">
          0.000000000000000e0 0.000000000000000e0 -1.000000000000000e0
          1.000000000000000e0 1.000000000000000e0 1.000000000000000e0
          0.000000000000000e0 -1.000000000000000e0 0.000000000000000e0
          </rotation>
        <fractional_translation>2.500000000000000e-1 2.500000000000000e-1 2.500000000000000e-1</fractional_translation>
        <equivalent_atoms size="2" nat="2">
          2 1
          </equivalent_atoms>
      </symmetry>
      <symmetry>
        <info name=" 90 deg rotation - cart. axis [0,0,1]">crystal_symmetry</info>
        <rotation rank="2" dims="3 3">
          1.000000000000000e0 1.000000000000000e0 1.000000000000000e0
          0.000000000000000e0 0.000000000000000e0 -1.000000000000000e0
          -1.000000000000000e0 0.000000000000000e0 0.000000000000000e0
          </rotation>
        <fractional_translation>2.500000000000000e-1 2.500000000000000e-1 2.500000000000000e-1</fractional_translation>
        <equivalent_atoms size="2" nat="2">
          2 1
          </equivalent_atoms>
      </symmetry>
      <symmetry>
        <info name="180 deg rotation - cart. axis [1,0,1]">crystal_symmetry</info>
        <rotation rank="2" dims="3 3">
          -1.000000000000000e0 0.000000000000000e0 0.000000000000000e0
          0.000000000000000e0 0.000000000000000e0 -1.000000000000000e0
          0.000000000000000e0 -1.000000000000000e0 0.000000000000000e0
          </rotation>
        <fractional_translation>2.500000000000000e-1 2.500000000000000e-1 2.500000000000000e-1</fractional_translation>
        <equivalent_atoms size="2" nat="2">
          2 1
          </equivalent_atoms>
      </symmetry>
      <symmetry>
        <info name="180 deg rotation - cart. axis [-1,0,1]">crystal_symmetry</info>
        <rotation rank="2" dims="3 3">
          1.000000000000000e0 1.000000000000000e0 1.000000000000000e0
          0.000000000000000e0 -1.000000000000000e0 0.000000000000000e0
          0.000000000000000e0 0.000000000000000e0 -1.000000000000000e0
          </rotation>
        <fractional_translation>2.500000000000000e-1 2.500000000000000e-1 2.500000000000000e-1</fractional_translation>
        <equivalent_atoms size="2" nat="2">
          2 1
          </equivalent_atoms>
      </symmetry>
      <symmetry>
        <info name=" 90 deg rotation - cart. axis [0,1,0]">crystal_symmetry</info>
        <rotation rank="2" dims="3 3">
          0.000000000000000e0 -1.000000000000000e0 0.000000000000000e0
          1.000000000000000e0 1.000000000000000e0 1.000000000000000e0
          -1.000000000000000e0 0.000000000000000e0 0.000000000000000e0
          </rotation>
        <fractional_translation>2.500000000000000e-1 2.500000000000000e-1 2.500000000000000e-1</fractional_translation>
        <equivalent_atoms size="2" nat="2">
          2 1
          </equivalent_atoms>
      </symmetry>
      <symmetry>
        <info name=" 90 deg rotation - cart. axis [0,-1,0]">crystal_symmetry</info>
        <rotation rank="2" dims="3 3">
          0.000000000000000e0 0.000000000000000e0 -1.000000000000000e0
          -1.000000000000000e0 0.000000000000000e0 0.000000000000000e0
          1.000000000000000e0 1.000000000000000e0 1.000000000000000e0
          </rotation>
        <fractional_translation>2.500000000000000e-1 2.500000000000000e-1 2.500000000000000e-1</fractional_translation>
        <equivalent_atoms size="2" nat="2">
          2 1
          </equivalent_atoms>
      </symmetry>
      <symmetry>
        <info name="180 deg rotation - cart. axis [0,1,1]">crystal_symmetry</info>
        <rotation rank="2" dims="3 3">
          -1.000000000000000e0 0.000000000000000e0 0.000000000000000e0
          1.000000000000000e0 1.000000000000000e0 1.000000000000000e0
          0.000000000000000e0 0.000000000000000e0 -1.000000000000000e0
          </rotation>
        <fractional_translation>2.500000000000000e-1 2.500000000000000e-1 2.500000000000000e-1</fractional_translation>
        <equivalent_atoms size="2" nat="2">
          2 1
          </equivalent_atoms>
      </symmetry>
      <symmetry>
        <info name="180 deg rotation - cart. axis [0,1,-1]">crystal_symmetry</info>
        <rotation rank="2" dims="3 3">
          0.000000000000000e0 0.000000000000000e0 -1.000000000000000e0
          0.000000000000000e0 -1.000000000000000e0 0.000000000000000e0
          -1.000000000000000e0 0.000000000000000e0 0.000000000000000e0
          </rotation>
        <fractional_translation>2.500000000000000e-1 2.500000000000000e-1 2.500000000000000e-1</fractional_translation>
        <equivalent_atoms size="2" nat="2">
          2 1
          </equivalent_atoms>
      </symmetry>
      <symmetry>
        <info name=" 90 deg rotation - cart. axis [-1,0,0]">crystal_symmetry</info>
        <rotation rank="2" dims="3 3">
          0.000000000000000e0 -1.000000000000000e0 0.000000000000000e0
          0.000000000000000e0 0.000000000000000e0 -1.000000000000000e0
          1.000000000000000e0 1.000000000000000e0 1.000000000000000e0
          </rotation>
        <fractional_translation>2.500000000000000e-1 2.500000000000000e-1 2.500000000000000e-1</fractional_translation>
        <equivalent_atoms size="2" nat="2">
          2 1
          </equivalent_atoms>
      </symmetry>
      <symmetry>
        <info name=" 90 deg rotation - cart. axis [1,0,0]">crystal_symmetry</info>
        <rotation rank="2" dims="3 3">
          1.000000000000000e0 1.000000000000000e0 1.000000000000000e0
          -1.000000000000000e0 0.000000000000000e0 0.000000000000000e0
          0.000000000000000e0 -1.000000000000000e0 0.000000000000000e0
          </rotation>
        <fractional_translation>2.500000000000000e-1 2.500000000000000e-1 2.500000000000000e-1</fractional_translation>
        <equivalent_atoms size="2" nat="2">
          2 1
          </equivalent_atoms>
      </symmetry>
      <symmetry>
        <info name="120 deg rotation - cart. axis [-1,-1,-1]">crystal_symmetry</info>
        <rotation rank="2" dims="3 3">
          -1.000000000000000e0 -1.000000000000000e0 -1.000000000000000e0
          0.000000000000000e0 1.000000000000000e0 0.000000000000000e0
          1.000000000000000e0 0.000000000000000e0 0.000000000000000e0
          </rotation>
        <fractional_translation>0.000000000000000e0 0.000000000000000e0 0.000000000000000e0</fractional_translation>
        <equivalent_atoms size="2" nat="2">
          1 2
          </equivalent_atoms>
      </symmetry>
      <symmetry>
        <info name="120 deg rotation - cart. axis [-1,1,1]">crystal_symmetry</info>
        <rotation rank="2" dims="3 3">
          0.000000000000000e0 0.000000000000000e0 1.000000000000000e0
          1.000000000000000e0 0.000000000000000e0 0.000000000000000e0
          0.000000000000000e0 1.000000000000000e0 0.000000000000000e0
          </rotation>
        <fractional_translation>0.000000000000000e0 0.000000000000000e0 0.000000000000000e0</fractional_translation>
        <equivalent_atoms size="2" nat="2">
          1 2
          </equivalent_atoms>
      </symmetry>
      <symmetry>
        <info name="120 deg rotation - cart. axis [1,1,-1]">crystal_symmetry</info>
        <rotation rank="2" dims="3 3">
          1.000000000000000e0 0.000000000000000e0 0.000000000000000e0
          0.000000000000000e0 0.000000000000000e0 1.000000000000000e0
          -1.000000000000000e0 -1.000000000000000e0 -1.000000000000000e0
          </rotation>
        <fractional_translation>0.000000000000000e0 0.000000000000000e0 0.000000000000000e0</fractional_translation>
        <equivalent_atoms size="2" nat="2">
          1 2
          </equivalent_atoms>
      </symmetry>
      <symmetry>
        <info name="120 deg rotation - cart. axis [1,-1,1]">crystal_symmetry</info>
        <rotation rank="2" dims="3 3">
          0.000000000000000e0 1.000000000000000e0 0.000000000000000e0
          -1.000000000000000e0 -1.000000000000000e0 -1.000000000000000e0
          0.000000000000000e0 0.000000000000000e0 1.000000000000000e0
          </rotation>
        <fractional_translation>0.000000000000000e0 0.000000000000000e0 0.000000000000000e0</fractional_translation>
        <equivalent_atoms size="2" nat="2">
          1 2
          </equivalent_atoms>
      </symmetry>
      <symmetry>
        <info name="120 deg rotation - cart. axis [1,1,1]">crystal_symmetry</info>
        <rotation rank="2" dims="3 3">
          0.000000000000000e0 0.000000000000000e0 1.000000000000000e0
          0.000000000000000e0 1.000000000000000e0 0.000000000000000e0
          -1.000000000000000e0 -1.000000000000000e0 -1.000000000000000e0
          </rotation>
        <fractional_translation>0.000000000000000e0 0.000000000000000e0 0.000000000000000e0</fractional_translation>
        <equivalent_atoms size="2" nat="2">
          1 2
          </equivalent_atoms>
      </symmetry>
      <symmetry>
        <info name="120 deg rotation - cart. axis [-1,1,-1]">crystal_symmetry</info>
        <rotation rank="2" dims="3 3">
          -1.000000000000000e0 -1.000000000000000e0 -1.000000000000000e0
          1.000000000000000e0 0.000000000000000e0 0.000000000000000e0
          0.000000000000000e0 0.000000000000000e0 1.000000000000000e0
          </rotation>
        <fractional_translation>0.000000000000000e0 0.000000000000000e0 0.000000000000000e0</fractional_translation>
        <equivalent_atoms size="2" nat="2">
          1 2
          </equivalent_atoms>
      </symmetry>
      <symmetry>
        <info name="120 deg rotation - cart. axis [1,-1,-1]">crystal_symmetry</info>
        <rotation rank="2" dims="3 3">
          0.000000000000000e0 1.000000000000000e0 0.000000000000000e0
          0.000000000000000e0 0.000000000000000e0 1.000000000000000e0
          1.000000000000000e0 0.000000000000000e0 0.000000000000000e0
          </rotation>
        <fractional_translation>0.000000000000000e0 0.000000000000000e0 0.000000000000000e0</fractional_translation>
        <equivalent_atoms size="2" nat="2">
          1 2
          </equivalent_atoms>
      </symmetry>
      <symmetry>
        <info name="120 deg rotation - cart. axis [-1,-1,1]">crystal_symmetry</info>
        <rotation rank="2" dims="3 3">
          1.000000000000000e0 0.000000000000000e0 0.000000000000000e0
          -1.000000000000000e0 -1.000000000000000e0 -1.000000000000000e0
          0.000000000000000e0 1.000000000000000e0 0.000000000000000e0
          </rotation>
        <fractional_translation>0.000000000000000e0 0.000000000000000e0 0.000000000000000e0</fractional_translation>
        <equivalent_atoms size="2" nat="2">
          1 2
          </equivalent_atoms>
      </symmetry>
      <symmetry>
        <info name="inversion">crystal_symmetry</info>
        <rotation rank="2" dims="3 3">
          -1.000000000000000e0 0.000000000000000e0 0.000000000000000e0
          0.000000000000000e0 -1.000000000000000e0 0.000000000000000e0
          0.000000000000000e0 0.000000000000000e0 -1.000000000000000e0
          </rotation>
        <fractional_translation>2.500000000000000e-1 2.500000000000000e-1 2.500000000000000e-1</fractional_translation>
        <equivalent_atoms size="2" nat="2">
          2 1
          </equivalent_atoms>
      </symmetry>
      <symmetry>
        <info name="inv. 180 deg rotation - cart. axis [0,0,1]">crystal_symmetry</info>
        <rotation rank="2" dims="3 3">
          0.000000000000000e0 -1.000000000000000e0 0.000000000000000e0
          -1.000000000000000e0 0.000000000000000e0 0.000000000000000e0
          1.000000000000000e0 1.000000000000000e0 1.000000000000000e0
          </rotation>
        <fractional_translation>2.500000000000000e-1 2.500000000000000e-1 2.500000000000000e-1</fractional_translation>
        <equivalent_atoms size="2" nat="2">
          2 1
          </equivalent_atoms>
      </symmetry>
      <symmetry>
        <info name="inv. 180 deg rotation - cart. axis [0,1,0]">crystal_symmetry</info>
        <rotation rank="2" dims="3 3">
          1.000000000000000e0 1.000000000000000e0 1.000000000000000e0
          0.000000000000000e0 0.000000000000000e0 -1.000000000000000e0
          0.000000000000000e0 -1.000000000000000e0 0.000000000000000e0
          </rotation>
        <fractional_translation>2.500000000000000e-1 2.500000000000000e-1 2.500000000000000e-1</fractional_translation>
        <equivalent_atoms size="2" nat="2">
          2 1
          </equivalent_atoms>
      </symmetry>
      <symmetry>
        <info name="inv. 180 deg rotation - cart. axis [1,0,0]">crystal_symmetry</info>
        <rotation rank="2" dims="3 3">
          0.000000000000000e0 0.000000000000000e0 -1.000000000000000e0
          1.000000000000000e0 1.000000000000000e0 1.000000000000000e0
          -1.000000000000000e0 0.000000000000000e0 0.000000000000000e0
          </rotation>
        <fractional_translation>2.500000000000000e-1 2.500000000000000e-1 2.500000000000000e-1</fractional_translation>
        <equivalent_atoms size="2" nat="2">
          2 1
          </equivalent_atoms>
      </symmetry>
      <symmetry>
        <info name="inv. 180 deg rotation - cart. axis [1,1,0]">crystal_symmetry</info>
        <rotation rank="2" dims="3 3">
          0.000000000000000e0 1.000000000000000e0 0.000000000000000e0
          1.000000000000000e0 0.000000000000000e0 0.000000000000000e0
          0.000000000000000e0 0.000000000000000e0 1.000000000000000e0
          </rotation>
        <fractional_translation>0.000000000000000e0 0.000000000000000e0 0.000000000000000e0</fractional_translation>
        <equivalent_atoms size="2" nat="2">
          1 2
          </equivalent_atoms>
      </symmetry>
      <symmetry>
        <info name="inv. 180 deg rotation - cart. axis [1,-1,0]">crystal_symmetry</info>
        <rotation rank="2" dims="3 3">
          1.000000000000000e0 0.000000000000000e0 0.000000000000000e0
          0.000000000000000e0 1.000000000000000e0 0.000000000000000e0
          -1.000000000000000e0 -1.000000000000000e0 -1.000000000000000e0
          </rotation>
        <fractional_translation>0.000000000000000e0 0.000000000000000e0 0.000000000000000e0</fractional_translation>
        <equivalent_atoms size="2" nat="2">
          1 2
          </equivalent_atoms>
      </symmetry>
      <symmetry>
        <info name="inv.  90 deg rotation - cart. axis [0,0,-1]">crystal_symmetry</info>
        <rotation rank="2" dims="3 3">
          0.000000000000000e0 0.000000000000000e0 1.000000000000000e0
          -1.000000000000000e0 -1.000000000000000e0 -1.000000000000000e0
          0.000000000000000e0 1.000000000000000e0 0.000000000000000e0
          </rotation>
        <fractional_translation>0.000000000000000e0 0.000000000000000e0 0.000000000000000e0</fractional_translation>
        <equivalent_atoms size="2" nat="2">
          1 2
          </equivalent_atoms>
      </symmetry>
      <symmetry>
        <info name="inv.  90 deg rotation - cart. axis [0,0,1]">crystal_symmetry</info>
        <rotation rank="2" dims="3 3">
          -1.000000000000000e0 -1.000000000000000e0 -1.000000000000000e0
          0.000000000000000e0 0.000000000000000e0 1.000000000000000e0
          1.000000000000000e0 0.000000000000000e0 0.000000000000000e0
          </rotation>
        <fractional_translation>0.000000000000000e0 0.000000000000000e0 0.000000000000000e0</fractional_translation>
        <equivalent_atoms size="2" nat="2">
          1 2
          </equivalent_atoms>
      </symmetry>
      <symmetry>
        <info name="inv. 180 deg rotation - cart. axis [1,0,1]">crystal_symmetry</info>
        <rotation rank="2" dims="3 3">
          1.000000000000000e0 0.000000000000000e0 0.000000000000000e0
          0.000000000000000e0 0.000000000000000e0 1.000000000000000e0
          0.000000000000000e0 1.000000000000000e0 0.000000000000000e0
          </rotation>
        <fractional_translation>0.000000000000000e0 0.000000000000000e0 0.000000000000000e0</fractional_translation>
        <equivalent_atoms size="2" nat="2">
          1 2
          </equivalent_atoms>
      </symmetry>
      <symmetry>
        <info name="inv. 180 deg rotation - cart. axis [-1,0,1]">crystal_symmetry</info>
        <rotation rank="2" dims="3 3">
          -1.000000000000000e0 -1.000000000000000e0 -1.000000000000000e0
          0.000000000000000e0 1.000000000000000e0 0.000000000000000e0
          0.000000000000000e0 0.000000000000000e0 1.000000000000000e0
          </rotation>
        <fractional_translation>0.000000000000000e0 0.000000000000000e0 0.000000000000000e0</fractional_translation>
        <equivalent_atoms size="2" nat="2">
          1 2
          </equivalent_atoms>
      </symmetry>
      <symmetry>
        <info name="inv.  90 deg rotation - cart. axis [0,1,0]">crystal_symmetry</info>
        <rotation rank="2" dims="3 3">
          0.000000000000000e0 1.000000000000000e0 0.000000000000000e0
          -1.000000000000000e0 -1.000000000000000e0 -1.000000000000000e0
          1.000000000000000e0 0.000000000000000e0 0.000000000000000e0
          </rotation>
        <fractional_translation>0.000000000000000e0 0.000000000000000e0 0.000000000000000e0</fractional_translation>
        <equivalent_atoms size="2" nat="2">
          1 2
          </equivalent_atoms>
      </symmetry>
      <symmetry>
        <info name="inv.  90 deg rotation - cart. axis [0,-1,0]">crystal_symmetry</info>
        <rotation rank="2" dims="3 3">
          0.000000000000000e0 0.000000000000000e0 1.000000000000000e0
          1.000000000000000e0 0.000000000000000e0 0.000000000000000e0
          -1.000000000000000e0 -1.000000000000000e0 -1.000000000000000e0
          </rotation>
        <fractional_translation>0.000000000000000e0 0.000000000000000e0 0.000000000000000e0</fractional_translation>
        <equivalent_atoms size="2" nat="2">
          1 2
          </equivalent_atoms>
      </symmetry>
      <symmetry>
        <info name="inv. 180 deg rotation - cart. axis [0,1,1]">crystal_symmetry</info>
        <rotation rank="2" dims="3 3">
          1.000000000000000e0 0.000000000000000e0 0.000000000000000e0
          -1.000000000000000e0 -1.000000000000000e0 -1.000000000000000e0
          0.000000000000000e0 0.000000000000000e0 1.000000000000000e0
          </rotation>
        <fractional_translation>0.000000000000000e0 0.000000000000000e0 0.000000000000000e0</fractional_translation>
        <equivalent_atoms size="2" nat="2">
          1 2
          </equivalent_atoms>
      </symmetry>
      <symmetry>
        <info name="inv. 180 deg rotation - cart. axis [0,1,-1]">crystal_symmetry</info>
        <rotation rank="2" dims="3 3">
          0.000000000000000e0 0.000000000000000e0 1.000000000000000e0
          0.000000000000000e0 1.000000000000000e0 0.000000000000000e0
          1.000000000000000e0 0.000000000000000e0 0.000000000000000e0
          </rotation>
        <fractional_translation>0.000000000000000e0 0.000000000000000e0 0.000000000000000e0</fractional_translation>
        <equivalent_atoms size="2" nat="2">
          1 2
          </equivalent_atoms>
      </symmetry>
      <symmetry>
        <info name="inv.  90 deg rotation - cart. axis [-1,0,0]">crystal_symmetry</info>
        <rotation rank="2" dims="3 3">
          0.000000000000000e0 1.000000000000000e0 0.000000000000000e0
          0.000000000000000e0 0.000000000000000e0 1.000000000000000e0
          -1.000000000000000e0 -1.000000000000000e0 -1.000000000000000e0
          </rotation>
        <fractional_translation>0.000000000000000e0 0.000000000000000e0 0.000000000000000e0</fractional_translation>
        <equivalent_atoms size="2" nat="2">
          1 2
          </equivalent_atoms>
      </symmetry>
      <symmetry>
        <info name="inv.  90 deg rotation - cart. axis [1,0,0]">crystal_symmetry</info>
        <rotation rank="2" dims="3 3">
          -1.000000000000000e0 -1.000000000000000e0 -1.000000000000000e0
          1.000000000000000e0 0.000000000000000e0 0.000000000000000e0
          0.000000000000000e0 1.000000000000000e0 0.000000000000000e0
          </rotation>
        <fractional_translation>0.000000000000000e0 0.000000000000000e0 0.000000000000000e0</fractional_translation>
        <equivalent_atoms size="2" nat="2">
          1 2
          </equivalent_atoms>
      </symmetry>
      <symmetry>
        <info name="inv. 120 deg rotation - cart. axis [-1,-1,-1]">crystal_symmetry</info>
        <rotation rank="2" dims="3 3">
          1.000000000000000e0 1.000000000000000e0 1.000000000000000e0
          0.000000000000000e0 -1.000000000000000e0 0.000000000000000e0
          -1.000000000000000e0 0.000000000000000e0 0.000000000000000e0
          </rotation>
        <fractional_translation>2.500000000000000e-1 2.500000000000000e-1 2.500000000000000e-1</fractional_translation>
        <equivalent_atoms size="2" nat="2">
          2 1
          </equivalent_atoms>
      </symmetry>
      <symmetry>
        <info name="inv. 120 deg rotation - cart. axis [-1,1,1]">crystal_symmetry</info>
        <rotation rank="2" dims="3 3">
          0.000000000000000e0 0.000000000000000e0 -1.000000000000000e0
          -1.000000000000000e0 0.000000000000000e0 0.000000000000000e0
          0.000000000000000e0 -1.000000000000000e0 0.000000000000000e0
          </rotation>
        <fractional_translation>2.500000000000000e-1 2.500000000000000e-1 2.500000000000000e-1</fractional_translation>
        <equivalent_atoms size="2" nat="2">
          2 1
          </equivalent_atoms>
      </symmetry>
      <symmetry>
        <info name="inv. 120 deg rotation - cart. axis [1,1,-1]">crystal_symmetry</info>
        <rotation rank="2" dims="3 3">
          -1.000000000000000e0 0.000000000000000e0 0.000000000000000e0
          0.000000000000000e0 0.000000000000000e0 -1.000000000000000e0
          1.000000000000000e0 1.000000000000000e0 1.000000000000000e0
          </rotation>
        <fractional_translation>2.500000000000000e-1 2.500000000000000e-1 2.500000000000000e-1</fractional_translation>
        <equivalent_atoms size="2" nat="2">
          2 1
          </equivalent_atoms>
      </symmetry>
      <symmetry>
        <info name="inv. 120 deg rotation - cart. axis [1,-1,1]">crystal_symmetry</info>
        <rotation rank="2" dims="3 3">
          0.000000000000000e0 -1.000000000000000e0 0.000000000000000e0
          1.000000000000000e0 1.000000000000000e0 1.000000000000000e0
          0.000000000000000e0 0.000000000000000e0 -1.000000000000000e0
          </rotation>
        <fractional_translation>2.500000000000000e-1 2.500000000000000e-1 2.500000000000000e-1</fractional_translation>
        <equivalent_atoms size="2" nat="2">
          2 1
          </equivalent_atoms>
      </symmetry>
      <symmetry>
        <info name="inv. 120 deg rotation - cart. axis [1,1,1]">crystal_symmetry</info>
        <rotation rank="2" dims="3 3">
          0.000000000000000e0 0.000000000000000e0 -1.000000000000000e0
          0.000000000000000e0 -1.000000000000000e0 0.000000000000000e0
          1.000000000000000e0 1.000000000000000e0 1.000000000000000e0
          </rotation>
        <fractional_translation>2.500000000000000e-1 2.500000000000000e-1 2.500000000000000e-1</fractional_translation>
        <equivalent_atoms size="2" nat="2">
          2 1
          </equivalent_atoms>
      </symmetry>
      <symmetry>
        <info name="inv. 120 deg rotation - cart. axis [-1,1,-1]">crystal_symmetry</info>
        <rotation rank="2" dims="3 3">
          1.000000000000000e0 1.000000000000000e0 1.000000000000000e0
          -1.000000000000000e0 0.000000000000000e0 0.000000000000000e0
          0.000000000000000e0 0.000000000000000e0 -1.000000000000000e0
          </rotation>
        <fractional_translation>2.500000000000000e-1 2.500000000000000e-1 2.500000000000000e-1</fractional_translation>
        <equivalent_atoms size="2" nat="2">
          2 1
          </equivalent_atoms>
      </symmetry>
      <symmetry>
        <info name="inv. 120 deg rotation - cart. axis [1,-1,-1]">crystal_symmetry</info>
        <rotation rank="2" dims="3 3">
          0.000000000000000e0 -1.000000000000000e0 0.000000000000000e0
          0.000000000000000e0 0.000000000000000e0 -1.000000000000000e0
          -1.000000000000000e0 0.000000000000000e0 0.000000000000000e0
          </rotation>
        <fractional_translation>2.500000000000000e-1 2.500000000000000e-1 2.500000000000000e-1</fractional_translation>
        <equivalent_atoms size="2" nat="2">
          2 1
          </equivalent_atoms>
      </symmetry>
      <symmetry>
        <info name="inv. 120 deg rotation - cart. axis [-1,-1,1]">crystal_symmetry</info>
        <rotation rank="2" dims="3 3">
          -1.000000000000000e0 0.000000000000000e0 0.000000000000000e0
          1.000000000000000e0 1.000000000000000e0 1.000000000000000e0
          0.000000000000000e0 -1.000000000000000e0 0.000000000000000e0
          </rotation>
        <fractional_translation>2.500000000000000e-1 2.500000000000000e-1 2.500000000000000e-1</fractional_translation>
        <equivalent_atoms size="2" nat="2">
          2 1
          </equivalent_atoms>
      </symmetry>
    </symmetries>
    <basis_set>
      <gamma_only>false</gamma_only>
      <ecutwfc>7.000000000000000e1</ecutwfc>
      <ecutrho>2.800000000000000e2</ecutrho>
      <fft_grid nr1="60" nr2="60" nr3="60"></fft_grid>
      <fft_smooth nr1="60" nr2="60" nr3="60"></fft_smooth>
      <fft_box nr1="60" nr2="60" nr3="60"></fft_box>
      <ngm>61719</ngm>
      <ngms>61719</ngms>
      <npwx>7729</npwx>
      <reciprocal_lattice>
        <b1>-1.000000000000000e0 -1.000000000000000e0 1.000000000000000e0</b1>
        <b2>1.000000000000000e0 1.000000000000000e0 1.000000000000000e0</b2>
        <b3>-1.000000000000000e0 1.000000000000000e0 -1.000000000000000e0</b3>
      </reciprocal_lattice>
    </basis_set>
    <dft>
      <functional>PBE</functional>
    </dft>
    <magnetization>
      <lsda>false</lsda>
      <noncolin>false</noncolin>
      <spinorbit>false</spinorbit>
      <absolute>0.000000000000000e0</absolute>
    </magnetization>
    <total_energy>
      <etot>-7.870864633721250e0</etot>
      <eband>3.064247568311021e-1</eband>
      <ehart>5.563392622135307e-1</ehart>
      <vtxc>-3.116058084955912e0</vtxc>
      <etxc>-2.395488547815723e0</etxc>
      <ewald>-8.341117652789666e0</ewald>
    </total_energy>
    <band_structure>
      <lsda>false</lsda>
      <noncolin>false</noncolin>
      <spinorbit>false</spinorbit>
      <nbnd>4</nbnd>
      <nelec>8.000000000000000e0</nelec>
      <num_of_atomic_wfc>8</num_of_atomic_wfc>
      <wf_collected>true</wf_collected>
      <fermi_energy>2.107719674346351e-1</fermi_energy>
      <highestOccupiedLevel>2.107719674346351e-1</highestOccupiedLevel>
      <starting_k_points>
        <monkhorst_pack nk1="4" nk2="4" nk3="4" k1="1" k2="1" k3="1">Uniform grid with offset</monkhorst_pack>
      </starting_k_points>
      <nks>10</nks>
      <occupations_kind>fixed</occupations_kind>
      <ks_energies>
        <k_point weight="6.250000000000e-2">-1.250000000000000e-1 1.250000000000000e-1 1.250000000000000e-1</k_point>
        <npw>7718</npw>
        <eigenvalues size="4">
          -2.037896336942568e-1 1.633448157986581e-1 2.107719617492489e-1 2.107719674346351e-1
          </eigenvalues>
        <occupations size="4">
          1.000000000000000e0 1.000000000000000e0 1.000000000000000e0 1.000000000000000e0
          </occupations>
      </ks_energies>
      <ks_energies>
        <k_point weight="1.875000000000e-1">-3.750000000000000e-1 3.750000000000000e-1 -1.250000000000000e-1</k_point>
        <npw>7722</npw>
        <eigenvalues size="4">
          -1.660611449957684e-1 5.396091057658056e-2 1.381787082675282e-1 1.931859585204116e-1
          </eigenvalues>
        <occupations size="4">
          1.000000000000000e0 1.000000000000000e0 1.000000000000000e0 1.000000000000000e0
          </occupations>
      </ks_energies>
      <ks_energies>
        <k_point weight="1.875000000000e-1">3.750000000000000e-1 -3.750000000000000e-1 6.250000000000000e-1</k_point>
        <npw>7713</npw>
        <eigenvalues size="4">
          -1.240679960176145e-1 -2.241935119275324e-2 1.390740996161195e-1 1.649019023391448e-1
          </eigenvalues>
        <occupations size="4">
          1.000000000000000e0 1.000000000000000e0 1.000000000000000e0 1.000000000000000e0
          </occupations>
      </ks_energies>
      <ks_energies>
        <k_point weight="1.875000000000e-1">1.250000000000000e-1 -1.250000000000000e-1 3.750000000000000e-1</k_point>
        <npw>7708</npw>
        <eigenvalues size="4">
          -1.843978223153443e-1 1.044394749528517e-1 1.738316160691182e-1 1.764347320763111e-1
          </eigenvalues>
        <occupations size="4">
          1.000000000000000e0 1.000000000000000e0 1.000000000000000e0 1.000000000000000e0
          </occupations>
      </ks_energies>
      <ks_energies>
        <k_point weight="1.875000000000e-1">-1.250000000000000e-1 6.250000000000000e-1 1.250000000000000e-1</k_point>
        <npw>7729</npw>
        <eigenvalues size="4">
          -1.465118897952908e-1 4.210981290954935e-2 1.252919747110532e-1 1.417733373512903e-1
          </eigenvalues>
        <occupations size="4">
          1.000000000000000e0 1.000000000000000e0 1.000000000000000e0 1.000000000000000e0
          </occupations>
      </ks_energies>
      <ks_energies>
        <k_point weight="3.750000000000e-1">6.250000000000000e-1 -1.250000000000000e-1 8.750000000000000e-1</k_point>
        <npw>7717</npw>
        <eigenvalues size="4">
          -8.619107802637295e-2 -2.976691323864900e-2 7.551009047888041e-2 1.149856501985170e-1
          </eigenvalues>
        <occupations size="4">
          1.000000000000000e0 1.000000000000000e0 1.000000000000000e0 1.000000000000000e0
          </occupations>
      </ks_energies>
      <ks_energies>
        <k_point weight="3.750000000000e-1">3.750000000000000e-1 1.250000000000000e-1 6.250000000000000e-1</k_point>
        <npw>7710</npw>
        <eigenvalues size="4">
          -1.312013614823492e-1 9.883011017477912e-3 1.018595740419252e-1 1.518887329797476e-1
          </eigenvalues>
        <occupations size="4">
          1.000000000000000e0 1.000000000000000e0 1.000000000000000e0 1.000000000000000e0
          </occupations>
      </ks_energies>
      <ks_energies>
        <k_point weight="1.875000000000e-1">-1.250000000000000e-1 -8.750000000000000e-1 1.250000000000000e-1</k_point>
        <npw>7728</npw>
        <eigenvalues size="4">
          -9.244430112628256e-2 -2.614267178601535e-2 9.786911529527348e-2 1.246431000012671e-1
          </eigenvalues>
        <occupations size="4">
          1.000000000000000e0 1.000000000000000e0 1.000000000000000e0 1.000000000000000e0
          </occupations>
      </ks_energies>
      <ks_energies>
        <k_point weight="6.250000000000e-2">-3.750000000000000e-1 3.750000000000000e-1 3.750000000000000e-1</k_point>
        <npw>7711</npw>
        <eigenvalues size="4">
          -1.501125707614826e-1 6.489122658530395e-3 1.819367412579583e-1 1.819367891255900e-1
          </eigenvalues>
        <occupations size="4">
          1.000000000000000e0 1.000000000000000e0 1.000000000000000e0 1.000000000000000e0
          </occupations>
      </ks_energies>
      <ks_energies>
        <k_point weight="1.875000000000e-1">3.750000000000000e-1 -3.750000000000000e-1 1.125000000000000e0</k_point>
        <npw>7703</npw>
        <eigenvalues size="4">
          -1.058804926621762e-1 -1.895339643954702e-2 7.779166147991968e-2 1.532728888022699e-1
          </eigenvalues>
        <occupations size="4">
          1.000000000000000e0 1.000000000000000e0 1.000000000000000e0 1.000000000000000e0
          </occupations>
      </ks_energies>
    </band_structure>
  </output>
  <exit_status>0</exit_status>
  <timing_info>
    <total label="PWSCF">
      <cpu>7.547028999999999e0</cpu>
      <wall>7.726711034774780e0</wall>
    </total>
    <partial label="init_run" calls="1">
      <cpu>1.548313000000000e0</cpu>
      <wall>1.601332902908325e0</wall>
    </partial>
    <partial label="hinit0" calls="1">
      <cpu>5.201490000000001e-1</cpu>
      <wall>5.351431369781494e-1</wall>
    </partial>
    <partial label="init_vloc" calls="1">
      <cpu>8.177000000000003e-3</cpu>
      <wall>8.249998092651367e-3</wall>
    </partial>
    <partial label="init_us_1" calls="1">
      <cpu>8.378800000000002e-2</cpu>
      <wall>8.381700515747070e-2</wall>
    </partial>
    <partial label="fft" calls="60">
      <cpu>5.480919999999960e-1</cpu>
      <wall>5.571668148040771e-1</wall>
    </partial>
    <partial label="potinit" calls="1">
      <cpu>1.622749999999999e-1</cpu>
      <wall>1.839289665222168e-1</wall>
    </partial>
    <partial label="v_of_rho" calls="6">
      <cpu>8.594809999999988e-1</cpu>
      <wall>9.235696792602539e-1</wall>
    </partial>
    <partial label="v_xc" calls="6">
      <cpu>8.321970000000025e-1</cpu>
      <wall>8.941795825958252e-1</wall>
    </partial>
    <partial label="v_h" calls="6">
      <cpu>2.721300000000060e-2</cpu>
      <wall>2.933788299560547e-2</wall>
    </partial>
    <partial label="wfcinit" calls="1">
      <cpu>8.140040000000003e-1</cpu>
      <wall>8.221278190612793e-1</wall>
    </partial>
    <partial label="init_us_2" calls="130">
      <cpu>2.413000000000043e-1</cpu>
      <wall>2.469704151153564e-1</wall>
    </partial>
    <partial label="init_us_2:cp" calls="130">
      <cpu>2.406539999999975e-1</cpu>
      <wall>2.465863227844238e-1</wall>
    </partial>
    <partial label="wfcinit:atom" calls="10">
      <cpu>1.663699999999957e-2</cpu>
      <wall>1.838707923889160e-2</wall>
    </partial>
    <partial label="atomic_wfc" calls="10">
      <cpu>1.659399999999978e-2</cpu>
      <wall>1.836180686950684e-2</wall>
    </partial>
    <partial label="wfcinit:wfcr" calls="10">
      <cpu>7.402020000000005e-1</cpu>
      <wall>7.443382740020752e-1</wall>
    </partial>
    <partial label="wfcrot" calls="10">
      <cpu>7.401519999999997e-1</cpu>
      <wall>7.443084716796875e-1</wall>
    </partial>
    <partial label="rotwfck" calls="10">
      <cpu>7.400479999999994e-1</cpu>
      <wall>7.442033290863037e-1</wall>
    </partial>
    <partial label="rotwfck:hpsi" calls="10">
      <cpu>7.185329999999997e-1</cpu>
      <wall>7.226903438568115e-1</wall>
    </partial>
    <partial label="h_psi_bgrp" calls="223">
      <cpu>4.413473999999994e0</cpu>
      <wall>4.437861442565918e0</wall>
    </partial>
    <partial label="h_psi" calls="223">
      <cpu>4.412904999999991e0</cpu>
      <wall>4.437338829040527e0</wall>
    </partial>
    <partial label="h_psi:pot" calls="223">
      <cpu>4.395817999999998e0</cpu>
      <wall>4.419855833053589e0</wall>
    </partial>
    <partial label="vloc_psi" calls="223">
      <cpu>4.191148999999997e0</cpu>
      <wall>4.211200237274170e0</wall>
    </partial>
    <partial label="fftw" calls="1808">
      <cpu>4.035966999999950e0</cpu>
      <wall>4.057295799255371e0</wall>
    </partial>
    <partial label="h_psi:calbec" calls="223">
      <cpu>1.023240000000039e-1</cpu>
      <wall>1.046142578125000e-1</wall>
    </partial>
    <partial label="calbec" calls="223">
      <cpu>1.013899999999905e-1</cpu>
      <wall>1.038386821746826e-1</wall>
    </partial>
    <partial label="add_vuspsi" calls="223">
      <cpu>1.007220000000020e-1</cpu>
      <wall>1.027669906616211e-1</wall>
    </partial>
    <partial label="rotwfck:hc" calls="10">
      <cpu>1.414000000000004e-2</cpu>
      <wall>1.415133476257324e-2</wall>
    </partial>
    <partial label="rotwfck:diag" calls="10">
      <cpu>1.085000000000225e-3</cpu>
      <wall>1.086711883544922e-3</wall>
    </partial>
    <partial label="cdiaghg" calls="203">
      <cpu>1.558999999999511e-2</cpu>
      <wall>1.592540740966797e-2</wall>
    </partial>
    <partial label="rotwfck:evc" calls="10">
      <cpu>6.201000000000345e-3</cpu>
      <wall>6.214380264282227e-3</wall>
    </partial>
    <partial label="electrons" calls="1">
      <cpu>5.969885000000000e0</cpu>
      <wall>6.089236021041870e0</wall>
    </partial>
    <partial label="c_bands" calls="6">
      <cpu>4.319379999999999e0</cpu>
      <wall>4.352184057235718e0</wall>
    </partial>
    <partial label="cegterg" calls="60">
      <cpu>4.130624000000001e0</cpu>
      <wall>4.156738042831421e0</wall>
    </partial>
    <partial label="cegterg:init" calls="60">
      <cpu>3.031199999999856e-2</cpu>
      <wall>3.088331222534180e-2</wall>
    </partial>
    <partial label="cegterg:upda" calls="153">
      <cpu>7.528300000000243e-2</cpu>
      <wall>7.638978958129883e-2</wall>
    </partial>
    <partial label="g_psi" calls="153">
      <cpu>5.681000000000402e-2</cpu>
      <wall>5.750560760498047e-2</wall>
    </partial>
    <partial label="cegterg:over" calls="153">
      <cpu>1.175439999999970e-1</cpu>
      <wall>1.195213794708252e-1</wall>
    </partial>
    <partial label="cegterg:diag" calls="193">
      <cpu>1.518199999999581e-2</cpu>
      <wall>1.543354988098145e-2</wall>
    </partial>
    <partial label="cegterg:last" calls="133">
      <cpu>1.017820000000027e-1</cpu>
      <wall>1.030991077423096e-1</wall>
    </partial>
    <partial label="sum_band" calls="6">
      <cpu>8.585620000000009e-1</cpu>
      <wall>8.666839599609375e-1</wall>
    </partial>
    <partial label="sum_band:wei" calls="6">
      <cpu>4.899999999974369e-5</cpu>
      <wall>4.220008850097656e-5</wall>
    </partial>
    <partial label="sum_band:loo" calls="6">
      <cpu>7.415689999999993e-1</cpu>
      <wall>7.456736564636230e-1</wall>
    </partial>
    <partial label="sum_band:buf" calls="60">
      <cpu>6.791000000002434e-3</cpu>
      <wall>6.779193878173828e-3</wall>
    </partial>
    <partial label="sum_band:ini" calls="60">
      <cpu>1.143849999999995e-1</cpu>
      <wall>1.143989562988281e-1</wall>
    </partial>
    <partial label="ffts" calls="6">
      <cpu>2.094600000000035e-2</cpu>
      <wall>2.099227905273438e-2</wall>
    </partial>
    <partial label="sum_band:sym" calls="6">
      <cpu>8.759000000000050e-2</cpu>
      <wall>9.158086776733398e-2</wall>
    </partial>
    <partial label="mix_rho" calls="6">
      <cpu>5.575599999999969e-2</cpu>
      <wall>6.374216079711914e-2</wall>
    </partial>
    <partial label="ions" calls="1">
      <cpu>2.000000000279556e-6</cpu>
      <wall>1.907348632812500e-6</wall>
    </partial>
  </timing_info>
  <closed DATE="23 Feb 2023" TIME="22:34:38"></closed>
</qes:espresso>
